DATAFLOW,MEASURE,VALUE,SECTOR,WORK_TYPE,BUILDING_TYPE,TSEST,REGION,FREQ,TIME_PERIOD,OBS_VALUE,UNIT_MEASURE,UNIT_MULT,OBS_STATUS,OBS_COMMENT
ABS:BA_GCCSA(1.0.0),1,1,9,TOT,TOT,10,3,M,2010-01,2359,NUM,0,,
ABS:BA_GCCSA(1.0.0),1,1,9,TOT,TOT,10,3,M,2010-02,2964,NUM,0,,
ABS:BA_GCCSA(1.0.0),1,1,9,TOT,TOT,10,3,M,2010-03,3741,NUM,0,,
ABS:BA_GCCSA(1.0.0),1,1,9,TOT,TOT,10,3,M,2010-04,3147,NUM,0,,
ABS:BA_GCCSA(1.0.0),1,1,9,TOT,TOT,10,3,M,2010-05,3221,NUM,0,,
ABS:BA_GCCSA(1.0.0),1,1,9,TOT,TOT,10,3,M,2010-06,3312,NUM,0,,
ABS:BA_GCCSA(1.0.0),1,1,9,TOT,TOT,10,3,M,2010-07,2682,NUM,0,,
ABS:BA_GCCSA(1.0.0),1,1,9,TOT,TOT,10,3,M,2010-08,2686,NUM,0,,
ABS:BA_GCCSA(1.0.0),1,1,9,TOT,TOT,10,3,M,2010-09,2818,NUM,0,,
ABS:BA_GCCSA(1.0.0),1,1,9,TOT,TOT,10,3,M,2010-10,2793,NUM,0,,
ABS:BA_GCCSA(1.0.0),1,1,9,TOT,TOT,10,3,M,2010-11,2680,NUM,0,,
ABS:BA_GCCSA(1.0.0),1,1,9,TOT,TOT,10,3,M,2010-12,2411,NUM,0,,
ABS:BA_GCCSA(1.0.0),1,1,9,TOT,TOT,10,3,M,2011-01,1948,NUM,0,,
ABS:BA_GCCSA(1.0.0),1,1,9,TOT,TOT,10,3,M,2011-02,1959,NUM,0,,
ABS:BA_GCCSA(1.0.0),1,1,9,TOT,TOT,10,3,M,2011-03,2245,NUM,0,,
ABS:BA_GCCSA(1.0.0),1,1,9,TOT,TOT,10,3,M,2011-04,2270,NUM,0,,
ABS:BA_GCCSA(1.0.0),1,1,9,TOT,TOT,10,3,M,2011-05,2627,NUM,0,,
ABS:BA_GCCSA(1.0.0),1,1,9,TOT,TOT,10,3,M,2011-06,2477,NUM,0,,
ABS:BA_GCCSA(1.0.0),1,1,9,TOT,TOT,10,3,M,2011-07,2062,NUM,0,,
ABS:BA_GCCSA(1.0.0),1,1,9,TOT,TOT,10,3,M,2011-08,3269,NUM,0,,
ABS:BA_GCCSA(1.0.0),1,1,9,TOT,TOT,10,3,M,2011-09,2381,NUM,0,,
ABS:BA_GCCSA(1.0.0),1,1,9,TOT,TOT,10,3,M,2011-10,1931,NUM,0,,
ABS:BA_GCCSA(1.0.0),1,1,9,TOT,TOT,10,3,M,2011-11,2181,NUM,0,,
ABS:BA_GCCSA(1.0.0),1,1,9,TOT,TOT,10,3,M,2011-12,2314,NUM,0,,
ABS:BA_GCCSA(1.0.0),1,1,9,TOT,TOT,10,3,M,2012-01,1596,NUM,0,,
ABS:BA_GCCSA(1.0.0),1,1,9,TOT,TOT,10,3,M,2012-02,2379,NUM,0,,
ABS:BA_GCCSA(1.0.0),1,1,9,TOT,TOT,10,3,M,2012-03,2172,NUM,0,,
ABS:BA_GCCSA(1.0.0),1,1,9,TOT,TOT,10,3,M,2012-04,2053,NUM,0,,
ABS:BA_GCCSA(1.0.0),1,1,9,TOT,TOT,10,3,M,2012-05,2456,NUM,0,,
ABS:BA_GCCSA(1.0.0),1,1,9,TOT,TOT,10,3,M,2012-06,2897,NUM,0,,
ABS:BA_GCCSA(1.0.0),1,1,9,TOT,TOT,10,3,M,2012-07,2471,NUM,0,,
ABS:BA_GCCSA(1.0.0),1,1,9,TOT,TOT,10,3,M,2012-08,2651,NUM,0,,
ABS:BA_GCCSA(1.0.0),1,1,9,TOT,TOT,10,3,M,2012-09,2618,NUM,0,,
ABS:BA_GCCSA(1.0.0),1,1,9,TOT,TOT,10,3,M,2012-10,2783,NUM,0,,
ABS:BA_GCCSA(1.0.0),1,1,9,TOT,TOT,10,3,M,2012-11,2664,NUM,0,,
ABS:BA_GCCSA(1.0.0),1,1,9,TOT,TOT,10,3,M,2012-12,2198,NUM,0,,
ABS:BA_GCCSA(1.0.0),1,1,9,TOT,TOT,10,3,M,2013-01,1942,NUM,0,,
ABS:BA_GCCSA(1.0.0),1,1,9,TOT,TOT,10,3,M,2013-02,2500,NUM,0,,
ABS:BA_GCCSA(1.0.0),1,1,9,TOT,TOT,10,3,M,2013-03,2824,NUM,0,,
ABS:BA_GCCSA(1.0.0),1,1,9,TOT,TOT,10,3,M,2013-04,2461,NUM,0,,
ABS:BA_GCCSA(1.0.0),1,1,9,TOT,TOT,10,3,M,2013-05,2872,NUM,0,,
ABS:BA_GCCSA(1.0.0),1,1,9,TOT,TOT,10,3,M,2013-06,2741,NUM,0,,
ABS:BA_GCCSA(1.0.0),1,1,9,TOT,TOT,10,3,M,2013-07,2924,NUM,0,,
ABS:BA_GCCSA(1.0.0),1,1,9,TOT,TOT,10,3,M,2013-08,3155,NUM,0,,
ABS:BA_GCCSA(1.0.0),1,1,9,TOT,TOT,10,3,M,2013-09,3447,NUM,0,,
ABS:BA_GCCSA(1.0.0),1,1,9,TOT,TOT,10,3,M,2013-10,3774,NUM,0,,
ABS:BA_GCCSA(1.0.0),1,1,9,TOT,TOT,10,3,M,2013-11,4034,NUM,0,,
ABS:BA_GCCSA(1.0.0),1,1,9,TOT,TOT,10,3,M,2013-12,3258,NUM,0,,
ABS:BA_GCCSA(1.0.0),1,1,9,TOT,TOT,10,3,M,2014-01,2880,NUM,0,,
ABS:BA_GCCSA(1.0.0),1,1,9,TOT,TOT,10,3,M,2014-02,2906,NUM,0,,
ABS:BA_GCCSA(1.0.0),1,1,9,TOT,TOT,10,3,M,2014-03,2858,NUM,0,,
ABS:BA_GCCSA(1.0.0),1,1,9,TOT,TOT,10,3,M,2014-04,2386,NUM,0,,
ABS:BA_GCCSA(1.0.0),1,1,9,TOT,TOT,10,3,M,2014-05,4017,NUM,0,,
ABS:BA_GCCSA(1.0.0),1,1,9,TOT,TOT,10,3,M,2014-06,3632,NUM,0,,
ABS:BA_GCCSA(1.0.0),1,1,9,TOT,TOT,10,3,M,2014-07,3435,NUM,0,,
ABS:BA_GCCSA(1.0.0),1,1,9,TOT,TOT,10,3,M,2014-08,3940,NUM,0,,
ABS:BA_GCCSA(1.0.0),1,1,9,TOT,TOT,10,3,M,2014-09,3324,NUM,0,,
ABS:BA_GCCSA(1.0.0),1,1,9,TOT,TOT,10,3,M,2014-10,3652,NUM,0,,
ABS:BA_GCCSA(1.0.0),1,1,9,TOT,TOT,10,3,M,2014-11,3722,NUM,0,,
ABS:BA_GCCSA(1.0.0),1,1,9,TOT,TOT,10,3,M,2014-12,3421,NUM,0,,
ABS:BA_GCCSA(1.0.0),1,1,9,TOT,TOT,10,3,M,2015-01,4729,NUM,0,,
ABS:BA_GCCSA(1.0.0),1,1,9,TOT,TOT,10,3,M,2015-02,3424,NUM,0,,
ABS:BA_GCCSA(1.0.0),1,1,9,TOT,TOT,10,3,M,2015-03,4242,NUM,0,,
ABS:BA_GCCSA(1.0.0),1,1,9,TOT,TOT,10,3,M,2015-04,3647,NUM,0,,
ABS:BA_GCCSA(1.0.0),1,1,9,TOT,TOT,10,3,M,2015-05,4419,NUM,0,,
ABS:BA_GCCSA(1.0.0),1,1,9,TOT,TOT,10,3,M,2015-06,4749,NUM,0,,
ABS:BA_GCCSA(1.0.0),1,1,9,TOT,TOT,10,3,M,2015-07,3776,NUM,0,,
ABS:BA_GCCSA(1.0.0),1,1,9,TOT,TOT,10,3,M,2015-08,3790,NUM,0,,
ABS:BA_GCCSA(1.0.0),1,1,9,TOT,TOT,10,3,M,2015-09,5705,NUM,0,,
ABS:BA_GCCSA(1.0.0),1,1,9,TOT,TOT,10,3,M,2015-10,4278,NUM,0,,
ABS:BA_GCCSA(1.0.0),1,1,9,TOT,TOT,10,3,M,2015-11,4441,NUM,0,,
ABS:BA_GCCSA(1.0.0),1,1,9,TOT,TOT,10,3,M,2015-12,3656,NUM,0,,
ABS:BA_GCCSA(1.0.0),1,1,9,TOT,TOT,10,3,M,2016-01,3946,NUM,0,,
ABS:BA_GCCSA(1.0.0),1,1,9,TOT,TOT,10,3,M,2016-02,4023,NUM,0,,
ABS:BA_GCCSA(1.0.0),1,1,9,TOT,TOT,10,3,M,2016-03,4382,NUM,0,,
ABS:BA_GCCSA(1.0.0),1,1,9,TOT,TOT,10,3,M,2016-04,4993,NUM,0,,
ABS:BA_GCCSA(1.0.0),1,1,9,TOT,TOT,10,3,M,2016-05,4015,NUM,0,,
ABS:BA_GCCSA(1.0.0),1,1,9,TOT,TOT,10,3,M,2016-06,4139,NUM,0,,
ABS:BA_GCCSA(1.0.0),1,1,9,TOT,TOT,10,3,M,2016-07,4378,NUM,0,,
ABS:BA_GCCSA(1.0.0),1,1,9,TOT,TOT,10,3,M,2016-08,4197,NUM,0,,
ABS:BA_GCCSA(1.0.0),1,1,9,TOT,TOT,10,3,M,2016-09,4130,NUM,0,,
ABS:BA_GCCSA(1.0.0),1,1,9,TOT,TOT,10,3,M,2016-10,3342,NUM,0,,
ABS:BA_GCCSA(1.0.0),1,1,9,TOT,TOT,10,3,M,2016-11,3363,NUM,0,,
ABS:BA_GCCSA(1.0.0),1,1,9,TOT,TOT,10,3,M,2016-12,2873,NUM,0,,
ABS:BA_GCCSA(1.0.0),1,1,9,TOT,TOT,10,3,M,2017-01,2376,NUM,0,,
ABS:BA_GCCSA(1.0.0),1,1,9,TOT,TOT,10,3,M,2017-02,3421,NUM,0,,
ABS:BA_GCCSA(1.0.0),1,1,9,TOT,TOT,10,3,M,2017-03,3324,NUM,0,,
ABS:BA_GCCSA(1.0.0),1,1,9,TOT,TOT,10,3,M,2017-04,4062,NUM,0,,
ABS:BA_GCCSA(1.0.0),1,1,9,TOT,TOT,10,3,M,2017-05,3767,NUM,0,,
ABS:BA_GCCSA(1.0.0),1,1,9,TOT,TOT,10,3,M,2017-06,4024,NUM,0,,
ABS:BA_GCCSA(1.0.0),1,1,9,TOT,TOT,10,3,M,2017-07,3484,NUM,0,,
ABS:BA_GCCSA(1.0.0),1,1,9,TOT,TOT,10,3,M,2017-08,4259,NUM,0,,
ABS:BA_GCCSA(1.0.0),1,1,9,TOT,TOT,10,3,M,2017-09,3477,NUM,0,,
ABS:BA_GCCSA(1.0.0),1,1,9,TOT,TOT,10,3,M,2017-10,3450,NUM,0,,
ABS:BA_GCCSA(1.0.0),1,1,9,TOT,TOT,10,3,M,2017-11,3711,NUM,0,,
ABS:BA_GCCSA(1.0.0),1,1,9,TOT,TOT,10,3,M,2017-12,2999,NUM,0,,
ABS:BA_GCCSA(1.0.0),1,1,9,TOT,TOT,10,3,M,2018-01,3202,NUM,0,,
ABS:BA_GCCSA(1.0.0),1,1,9,TOT,TOT,10,3,M,2018-02,3679,NUM,0,,
ABS:BA_GCCSA(1.0.0),1,1,9,TOT,TOT,10,3,M,2018-03,3886,NUM,0,,
ABS:BA_GCCSA(1.0.0),1,1,9,TOT,TOT,10,3,M,2018-04,3552,NUM,0,,
ABS:BA_GCCSA(1.0.0),1,1,9,TOT,TOT,10,3,M,2018-05,3029,NUM,0,,
ABS:BA_GCCSA(1.0.0),1,1,9,TOT,TOT,10,3,M,2018-06,4356,NUM,0,,
ABS:BA_GCCSA(1.0.0),1,1,9,TOT,TOT,10,3,M,2018-07,3839,NUM,0,,
ABS:BA_GCCSA(1.0.0),1,1,9,TOT,TOT,10,3,M,2018-08,3796,NUM,0,,
ABS:BA_GCCSA(1.0.0),1,1,9,TOT,TOT,10,3,M,2018-09,2676,NUM,0,,
ABS:BA_GCCSA(1.0.0),1,1,9,TOT,TOT,10,3,M,2018-10,2980,NUM,0,,
ABS:BA_GCCSA(1.0.0),1,1,9,TOT,TOT,10,3,M,2018-11,2826,NUM,0,,
ABS:BA_GCCSA(1.0.0),1,1,9,TOT,TOT,10,3,M,2018-12,2082,NUM,0,,
ABS:BA_GCCSA(1.0.0),1,1,9,TOT,TOT,10,3,M,2019-01,1982,NUM,0,,
ABS:BA_GCCSA(1.0.0),1,1,9,TOT,TOT,10,3,M,2019-02,2432,NUM,0,,
ABS:BA_GCCSA(1.0.0),1,1,9,TOT,TOT,10,3,M,2019-03,2322,NUM,0,,
ABS:BA_GCCSA(1.0.0),1,1,9,TOT,TOT,10,3,M,2019-04,2733,NUM,0,,
ABS:BA_GCCSA(1.0.0),1,1,9,TOT,TOT,10,3,M,2019-05,2831,NUM,0,,
ABS:BA_GCCSA(1.0.0),1,1,9,TOT,TOT,10,3,M,2019-06,2663,NUM,0,,
ABS:BA_GCCSA(1.0.0),1,1,9,TOT,TOT,10,3,M,2019-07,3164,NUM,0,,
ABS:BA_GCCSA(1.0.0),1,1,9,TOT,TOT,10,3,M,2019-08,2381,NUM,0,,
ABS:BA_GCCSA(1.0.0),1,1,9,TOT,TOT,10,3,M,2019-09,2735,NUM,0,,
ABS:BA_GCCSA(1.0.0),1,1,9,TOT,TOT,10,3,M,2019-10,3417,NUM,0,,
ABS:BA_GCCSA(1.0.0),1,1,9,TOT,TOT,10,3,M,2019-11,2506,NUM,0,,
ABS:BA_GCCSA(1.0.0),1,1,9,TOT,TOT,10,3,M,2019-12,1940,NUM,0,,
ABS:BA_GCCSA(1.0.0),1,1,9,TOT,TOT,10,3,M,2020-01,2106,NUM,0,,
ABS:BA_GCCSA(1.0.0),1,1,9,TOT,TOT,10,3,M,2020-02,2349,NUM,0,,
ABS:BA_GCCSA(1.0.0),1,1,9,TOT,TOT,10,3,M,2020-03,2392,NUM,0,,
ABS:BA_GCCSA(1.0.0),1,1,9,TOT,TOT,10,3,M,2020-04,2670,NUM,0,,
ABS:BA_GCCSA(1.0.0),1,1,9,TOT,TOT,10,3,M,2020-05,2386,NUM,0,,
ABS:BA_GCCSA(1.0.0),1,1,9,TOT,TOT,10,3,M,2020-06,2446,NUM,0,,
ABS:BA_GCCSA(1.0.0),1,1,9,TOT,TOT,10,3,M,2020-07,2732,NUM,0,,
ABS:BA_GCCSA(1.0.0),1,1,9,TOT,TOT,10,3,M,2020-08,2613,NUM,0,,
ABS:BA_GCCSA(1.0.0),1,1,9,TOT,TOT,10,3,M,2020-09,3291,NUM,0,,
ABS:BA_GCCSA(1.0.0),1,1,9,TOT,TOT,10,3,M,2020-10,3390,NUM,0,,
ABS:BA_GCCSA(1.0.0),1,1,9,TOT,TOT,10,3,M,2020-11,3449,NUM,0,,
ABS:BA_GCCSA(1.0.0),1,1,9,TOT,TOT,10,3,M,2020-12,3601,NUM,0,,
ABS:BA_GCCSA(1.0.0),1,1,9,TOT,TOT,10,3,M,2021-01,2435,NUM,0,,
ABS:BA_GCCSA(1.0.0),1,1,9,TOT,TOT,10,3,M,2021-02,3999,NUM,0,,
ABS:BA_GCCSA(1.0.0),1,1,9,TOT,TOT,10,3,M,2021-03,4732,NUM,0,,
ABS:BA_GCCSA(1.0.0),1,1,9,TOT,TOT,10,3,M,2021-04,4270,NUM,0,,
ABS:BA_GCCSA(1.0.0),1,1,9,TOT,TOT,10,3,M,2021-05,3709,NUM,0,,
ABS:BA_GCCSA(1.0.0),1,1,9,TOT,TOT,10,3,M,2021-06,3693,NUM,0,,
ABS:BA_GCCSA(1.0.0),1,1,9,TOT,TOT,10,3,M,2021-07,3983,NUM,0,,
ABS:BA_GCCSA(1.0.0),1,1,9,TOT,TOT,10,3,M,2021-08,3847,NUM,0,,
ABS:BA_GCCSA(1.0.0),1,1,9,TOT,TOT,10,3,M,2021-09,3458,NUM,0,,
ABS:BA_GCCSA(1.0.0),1,1,9,TOT,TOT,10,3,M,2021-10,3024,NUM,0,,
ABS:BA_GCCSA(1.0.0),1,1,9,TOT,TOT,10,3,M,2021-11,3436,NUM,0,,
ABS:BA_GCCSA(1.0.0),1,1,9,TOT,TOT,10,3,M,2021-12,2529,NUM,0,,
ABS:BA_GCCSA(1.0.0),1,1,9,TOT,TOT,10,3,M,2022-01,2418,NUM,0,,
ABS:BA_GCCSA(1.0.0),1,1,9,TOT,TOT,10,3,M,2022-02,2787,NUM,0,,
ABS:BA_GCCSA(1.0.0),1,1,9,TOT,TOT,10,3,M,2022-03,3369,NUM,0,,
ABS:BA_GCCSA(1.0.0),1,1,9,TOT,TOT,10,3,M,2022-04,2617,NUM,0,,
ABS:BA_GCCSA(1.0.0),1,1,9,TOT,TOT,10,3,M,2022-05,3425,NUM,0,,
ABS:BA_GCCSA(1.0.0),1,1,9,TOT,TOT,10,3,M,2022-06,3576,NUM,0,,
ABS:BA_GCCSA(1.0.0),1,1,9,TOT,TOT,10,3,M,2022-07,2955,NUM,0,,
ABS:BA_GCCSA(1.0.0),1,1,9,TOT,TOT,10,3,M,2022-08,3693,NUM,0,,
ABS:BA_GCCSA(1.0.0),1,1,9,TOT,TOT,10,3,M,2022-09,3169,NUM,0,,
ABS:BA_GCCSA(1.0.0),1,1,9,TOT,TOT,10,3,M,2022-10,2720,NUM,0,,
ABS:BA_GCCSA(1.0.0),1,1,9,TOT,TOT,10,3,M,2022-11,3644,NUM,0,,
ABS:BA_GCCSA(1.0.0),1,1,9,TOT,TOT,10,3,M,2022-12,2421,NUM,0,,
ABS:BA_GCCSA(1.0.0),1,1,9,TOT,TOT,10,3,M,2023-01,3026,NUM,0,,
ABS:BA_GCCSA(1.0.0),1,1,9,TOT,TOT,10,3,M,2023-02,3116,NUM,0,,
ABS:BA_GCCSA(1.0.0),1,1,9,TOT,TOT,10,3,M,2023-03,3428,NUM,0,,
ABS:BA_GCCSA(1.0.0),1,1,9,TOT,TOT,10,3,M,2023-04,2120,NUM,0,,
ABS:BA_GCCSA(1.0.0),1,1,9,TOT,TOT,10,3,M,2023-05,2614,NUM,0,,
ABS:BA_GCCSA(1.0.0),1,1,9,TOT,TOT,10,3,M,2023-06,3190,NUM,0,,
ABS:BA_GCCSA(1.0.0),1,1,9,TOT,TOT,10,3,M,2023-07,2886,NUM,0,,
ABS:BA_GCCSA(1.0.0),1,1,9,TOT,TOT,10,3,M,2023-08,2236,NUM,0,,
ABS:BA_GCCSA(1.0.0),1,1,9,TOT,TOT,10,3,M,2023-09,2804,NUM,0,,
ABS:BA_GCCSA(1.0.0),1,1,9,TOT,TOT,10,3,M,2023-10,3191,NUM,0,,
ABS:BA_GCCSA(1.0.0),1,1,9,TOT,TOT,10,3,M,2023-11,2817,NUM,0,,
ABS:BA_GCCSA(1.0.0),1,1,9,TOT,TOT,10,3,M,2023-12,2222,NUM,0,,
ABS:BA_GCCSA(1.0.0),1,1,9,TOT,TOT,10,3,M,2024-01,3133,NUM,0,,
ABS:BA_GCCSA(1.0.0),1,1,9,TOT,TOT,10,3,M,2024-02,2656,NUM,0,,
ABS:BA_GCCSA(1.0.0),1,1,9,TOT,TOT,10,3,M,2024-03,2329,NUM,0,,
ABS:BA_GCCSA(1.0.0),1,1,9,TOT,TOT,10,3,M,2024-04,2642,NUM,0,,
ABS:BA_GCCSA(1.0.0),1,1,9,TOT,TOT,10,3,M,2024-05,2894,NUM,0,,
ABS:BA_GCCSA(1.0.0),1,1,9,TOT,TOT,10,3,M,2024-06,3185,NUM,0,,
ABS:BA_GCCSA(1.0.0),1,1,9,TOT,TOT,10,3,M,2024-07,3534,NUM,0,,
ABS:BA_GCCSA(1.0.0),1,1,9,TOT,TOT,10,3,M,2024-08,3212,NUM,0,,
ABS:BA_GCCSA(1.0.0),1,1,9,TOT,TOT,10,3,M,2024-09,3614,NUM,0,,
ABS:BA_GCCSA(1.0.0),1,1,9,TOT,TOT,10,3,M,2024-10,3421,NUM,0,,
ABS:BA_GCCSA(1.0.0),1,1,9,TOT,TOT,10,3,M,2024-11,3545,NUM,0,,
ABS:BA_GCCSA(1.0.0),1,1,9,TOT,TOT,10,3,M,2024-12,3113,NUM,0,,
ABS:BA_GCCSA(1.0.0),1,1,9,TOT,TOT,10,3,M,2025-01,2009,NUM,0,,
ABS:BA_GCCSA(1.0.0),1,1,9,TOT,TOT,10,3,M,2025-02,3031,NUM,0,,
ABS:BA_GCCSA(1.0.0),1,1,9,TOT,TOT,10,3,M,2025-03,3299,NUM,0,,
ABS:BA_GCCSA(1.0.0),1,1,9,TOT,TOT,10,3,M,2025-04,3048,NUM,0,,
ABS:BA_GCCSA(1.0.0),1,1,9,TOT,TOT,10,3,M,2025-05,2951,NUM,0,,
ABS:BA_GCCSA(1.0.0),1,1,9,TOT,TOT,10,3,M,2025-06,3426,NUM,0,,
ABS:BA_GCCSA(1.0.0),1,1,9,TOT,TOT,10,3,M,2025-07,4600,NUM,0,,
ABS:BA_GCCSA(1.0.0),1,1,9,TOT,TOT,10,3,M,2025-08,3924,NUM,0,,
ABS:BA_GCCSA(1.0.0),1,1,9,TOT,TOT,10,3,M,2025-09,3768,NUM,0,,
ABS:BA_GCCSA(1.0.0),1,1,9,TOT,TOT,10,3,M,2025-10,3542,NUM,0,,
ABS:BA_GCCSA(1.0.0),1,1,9,TOT,TOT,10,3,M,2025-11,4780,NUM,0,,
ABS:BA_GCCSA(1.0.0),1,1,9,TOT,TOT,10,3,M,2025-12,3470,NUM,0,,
ABS:BA_GCCSA(1.0.0),1,1,9,TOT,TOT,10,3,M,2026-01,2548,NUM,0,,
ABS:BA_GCCSA(1.0.0),1,1,9,TOT,TOT,10,7,M,2010-01,51,NUM,0,,
ABS:BA_GCCSA(1.0.0),1,1,9,TOT,TOT,10,7,M,2010-02,49,NUM,0,,
ABS:BA_GCCSA(1.0.0),1,1,9,TOT,TOT,10,7,M,2010-03,64,NUM,0,,
ABS:BA_GCCSA(1.0.0),1,1,9,TOT,TOT,10,7,M,2010-04,240,NUM,0,,
ABS:BA_GCCSA(1.0.0),1,1,9,TOT,TOT,10,7,M,2010-05,90,NUM,0,,
ABS:BA_GCCSA(1.0.0),1,1,9,TOT,TOT,10,7,M,2010-06,174,NUM,0,,
ABS:BA_GCCSA(1.0.0),1,1,9,TOT,TOT,10,7,M,2010-07,260,NUM,0,,
ABS:BA_GCCSA(1.0.0),1,1,9,TOT,TOT,10,7,M,2010-08,159,NUM,0,,
ABS:BA_GCCSA(1.0.0),1,1,9,TOT,TOT,10,7,M,2010-09,202,NUM,0,,
ABS:BA_GCCSA(1.0.0),1,1,9,TOT,TOT,10,7,M,2010-10,52,NUM,0,,
ABS:BA_GCCSA(1.0.0),1,1,9,TOT,TOT,10,7,M,2010-11,65,NUM,0,,
ABS:BA_GCCSA(1.0.0),1,1,9,TOT,TOT,10,7,M,2010-12,291,NUM,0,,
ABS:BA_GCCSA(1.0.0),1,1,9,TOT,TOT,10,7,M,2011-01,26,NUM,0,,
ABS:BA_GCCSA(1.0.0),1,1,9,TOT,TOT,10,7,M,2011-02,91,NUM,0,,
ABS:BA_GCCSA(1.0.0),1,1,9,TOT,TOT,10,7,M,2011-03,59,NUM,0,,
ABS:BA_GCCSA(1.0.0),1,1,9,TOT,TOT,10,7,M,2011-04,57,NUM,0,,
ABS:BA_GCCSA(1.0.0),1,1,9,TOT,TOT,10,7,M,2011-05,83,NUM,0,,
ABS:BA_GCCSA(1.0.0),1,1,9,TOT,TOT,10,7,M,2011-06,191,NUM,0,,
ABS:BA_GCCSA(1.0.0),1,1,9,TOT,TOT,10,7,M,2011-07,254,NUM,0,,
ABS:BA_GCCSA(1.0.0),1,1,9,TOT,TOT,10,7,M,2011-08,78,NUM,0,,
ABS:BA_GCCSA(1.0.0),1,1,9,TOT,TOT,10,7,M,2011-09,112,NUM,0,,
ABS:BA_GCCSA(1.0.0),1,1,9,TOT,TOT,10,7,M,2011-10,146,NUM,0,,
ABS:BA_GCCSA(1.0.0),1,1,9,TOT,TOT,10,7,M,2011-11,38,NUM,0,,
ABS:BA_GCCSA(1.0.0),1,1,9,TOT,TOT,10,7,M,2011-12,187,NUM,0,,
ABS:BA_GCCSA(1.0.0),1,1,9,TOT,TOT,10,7,M,2012-01,127,NUM,0,,
ABS:BA_GCCSA(1.0.0),1,1,9,TOT,TOT,10,7,M,2012-02,46,NUM,0,,
ABS:BA_GCCSA(1.0.0),1,1,9,TOT,TOT,10,7,M,2012-03,63,NUM,0,,
ABS:BA_GCCSA(1.0.0),1,1,9,TOT,TOT,10,7,M,2012-04,189,NUM,0,,
ABS:BA_GCCSA(1.0.0),1,1,9,TOT,TOT,10,7,M,2012-05,265,NUM,0,,
ABS:BA_GCCSA(1.0.0),1,1,9,TOT,TOT,10,7,M,2012-06,114,NUM,0,,
ABS:BA_GCCSA(1.0.0),1,1,9,TOT,TOT,10,7,M,2012-07,67,NUM,0,,
ABS:BA_GCCSA(1.0.0),1,1,9,TOT,TOT,10,7,M,2012-08,262,NUM,0,,
ABS:BA_GCCSA(1.0.0),1,1,9,TOT,TOT,10,7,M,2012-09,436,NUM,0,,
ABS:BA_GCCSA(1.0.0),1,1,9,TOT,TOT,10,7,M,2012-10,68,NUM,0,,
ABS:BA_GCCSA(1.0.0),1,1,9,TOT,TOT,10,7,M,2012-11,162,NUM,0,,
ABS:BA_GCCSA(1.0.0),1,1,9,TOT,TOT,10,7,M,2012-12,121,NUM,0,,
ABS:BA_GCCSA(1.0.0),1,1,9,TOT,TOT,10,7,M,2013-01,97,NUM,0,,
ABS:BA_GCCSA(1.0.0),1,1,9,TOT,TOT,10,7,M,2013-02,288,NUM,0,,
ABS:BA_GCCSA(1.0.0),1,1,9,TOT,TOT,10,7,M,2013-03,251,NUM,0,,
ABS:BA_GCCSA(1.0.0),1,1,9,TOT,TOT,10,7,M,2013-04,184,NUM,0,,
ABS:BA_GCCSA(1.0.0),1,1,9,TOT,TOT,10,7,M,2013-05,145,NUM,0,,
ABS:BA_GCCSA(1.0.0),1,1,9,TOT,TOT,10,7,M,2013-06,109,NUM,0,,
ABS:BA_GCCSA(1.0.0),1,1,9,TOT,TOT,10,7,M,2013-07,337,NUM,0,,
ABS:BA_GCCSA(1.0.0),1,1,9,TOT,TOT,10,7,M,2013-08,168,NUM,0,,
ABS:BA_GCCSA(1.0.0),1,1,9,TOT,TOT,10,7,M,2013-09,194,NUM,0,,
ABS:BA_GCCSA(1.0.0),1,1,9,TOT,TOT,10,7,M,2013-10,348,NUM,0,,
ABS:BA_GCCSA(1.0.0),1,1,9,TOT,TOT,10,7,M,2013-11,120,NUM,0,,
ABS:BA_GCCSA(1.0.0),1,1,9,TOT,TOT,10,7,M,2013-12,53,NUM,0,,
ABS:BA_GCCSA(1.0.0),1,1,9,TOT,TOT,10,7,M,2014-01,86,NUM,0,,
ABS:BA_GCCSA(1.0.0),1,1,9,TOT,TOT,10,7,M,2014-02,80,NUM,0,,
ABS:BA_GCCSA(1.0.0),1,1,9,TOT,TOT,10,7,M,2014-03,87,NUM,0,,
ABS:BA_GCCSA(1.0.0),1,1,9,TOT,TOT,10,7,M,2014-04,92,NUM,0,,
ABS:BA_GCCSA(1.0.0),1,1,9,TOT,TOT,10,7,M,2014-05,440,NUM,0,,
ABS:BA_GCCSA(1.0.0),1,1,9,TOT,TOT,10,7,M,2014-06,133,NUM,0,,
ABS:BA_GCCSA(1.0.0),1,1,9,TOT,TOT,10,7,M,2014-07,369,NUM,0,,
ABS:BA_GCCSA(1.0.0),1,1,9,TOT,TOT,10,7,M,2014-08,122,NUM,0,,
ABS:BA_GCCSA(1.0.0),1,1,9,TOT,TOT,10,7,M,2014-09,92,NUM,0,,
ABS:BA_GCCSA(1.0.0),1,1,9,TOT,TOT,10,7,M,2014-10,190,NUM,0,,
ABS:BA_GCCSA(1.0.0),1,1,9,TOT,TOT,10,7,M,2014-11,206,NUM,0,,
ABS:BA_GCCSA(1.0.0),1,1,9,TOT,TOT,10,7,M,2014-12,103,NUM,0,,
ABS:BA_GCCSA(1.0.0),1,1,9,TOT,TOT,10,7,M,2015-01,79,NUM,0,,
ABS:BA_GCCSA(1.0.0),1,1,9,TOT,TOT,10,7,M,2015-02,93,NUM,0,,
ABS:BA_GCCSA(1.0.0),1,1,9,TOT,TOT,10,7,M,2015-03,96,NUM,0,,
ABS:BA_GCCSA(1.0.0),1,1,9,TOT,TOT,10,7,M,2015-04,156,NUM,0,,
ABS:BA_GCCSA(1.0.0),1,1,9,TOT,TOT,10,7,M,2015-05,185,NUM,0,,
ABS:BA_GCCSA(1.0.0),1,1,9,TOT,TOT,10,7,M,2015-06,123,NUM,0,,
ABS:BA_GCCSA(1.0.0),1,1,9,TOT,TOT,10,7,M,2015-07,209,NUM,0,,
ABS:BA_GCCSA(1.0.0),1,1,9,TOT,TOT,10,7,M,2015-08,108,NUM,0,,
ABS:BA_GCCSA(1.0.0),1,1,9,TOT,TOT,10,7,M,2015-09,116,NUM,0,,
ABS:BA_GCCSA(1.0.0),1,1,9,TOT,TOT,10,7,M,2015-10,270,NUM,0,,
ABS:BA_GCCSA(1.0.0),1,1,9,TOT,TOT,10,7,M,2015-11,75,NUM,0,,
ABS:BA_GCCSA(1.0.0),1,1,9,TOT,TOT,10,7,M,2015-12,156,NUM,0,,
ABS:BA_GCCSA(1.0.0),1,1,9,TOT,TOT,10,7,M,2016-01,77,NUM,0,,
ABS:BA_GCCSA(1.0.0),1,1,9,TOT,TOT,10,7,M,2016-02,140,NUM,0,,
ABS:BA_GCCSA(1.0.0),1,1,9,TOT,TOT,10,7,M,2016-03,87,NUM,0,,
ABS:BA_GCCSA(1.0.0),1,1,9,TOT,TOT,10,7,M,2016-04,89,NUM,0,,
ABS:BA_GCCSA(1.0.0),1,1,9,TOT,TOT,10,7,M,2016-05,265,NUM,0,,
ABS:BA_GCCSA(1.0.0),1,1,9,TOT,TOT,10,7,M,2016-06,111,NUM,0,,
ABS:BA_GCCSA(1.0.0),1,1,9,TOT,TOT,10,7,M,2016-07,66,NUM,0,,
ABS:BA_GCCSA(1.0.0),1,1,9,TOT,TOT,10,7,M,2016-08,73,NUM,0,,
ABS:BA_GCCSA(1.0.0),1,1,9,TOT,TOT,10,7,M,2016-09,126,NUM,0,,
ABS:BA_GCCSA(1.0.0),1,1,9,TOT,TOT,10,7,M,2016-10,131,NUM,0,,
ABS:BA_GCCSA(1.0.0),1,1,9,TOT,TOT,10,7,M,2016-11,70,NUM,0,,
ABS:BA_GCCSA(1.0.0),1,1,9,TOT,TOT,10,7,M,2016-12,43,NUM,0,,
ABS:BA_GCCSA(1.0.0),1,1,9,TOT,TOT,10,7,M,2017-01,99,NUM,0,,
ABS:BA_GCCSA(1.0.0),1,1,9,TOT,TOT,10,7,M,2017-02,51,NUM,0,,
ABS:BA_GCCSA(1.0.0),1,1,9,TOT,TOT,10,7,M,2017-03,59,NUM,0,,
ABS:BA_GCCSA(1.0.0),1,1,9,TOT,TOT,10,7,M,2017-04,74,NUM,0,,
ABS:BA_GCCSA(1.0.0),1,1,9,TOT,TOT,10,7,M,2017-05,59,NUM,0,,
ABS:BA_GCCSA(1.0.0),1,1,9,TOT,TOT,10,7,M,2017-06,61,NUM,0,,
ABS:BA_GCCSA(1.0.0),1,1,9,TOT,TOT,10,7,M,2017-07,54,NUM,0,,
ABS:BA_GCCSA(1.0.0),1,1,9,TOT,TOT,10,7,M,2017-08,97,NUM,0,,
ABS:BA_GCCSA(1.0.0),1,1,9,TOT,TOT,10,7,M,2017-09,136,NUM,0,,
ABS:BA_GCCSA(1.0.0),1,1,9,TOT,TOT,10,7,M,2017-10,55,NUM,0,,
ABS:BA_GCCSA(1.0.0),1,1,9,TOT,TOT,10,7,M,2017-11,41,NUM,0,,
ABS:BA_GCCSA(1.0.0),1,1,9,TOT,TOT,10,7,M,2017-12,27,NUM,0,,
ABS:BA_GCCSA(1.0.0),1,1,9,TOT,TOT,10,7,M,2018-01,57,NUM,0,,
ABS:BA_GCCSA(1.0.0),1,1,9,TOT,TOT,10,7,M,2018-02,57,NUM,0,,
ABS:BA_GCCSA(1.0.0),1,1,9,TOT,TOT,10,7,M,2018-03,63,NUM,0,,
ABS:BA_GCCSA(1.0.0),1,1,9,TOT,TOT,10,7,M,2018-04,47,NUM,0,,
ABS:BA_GCCSA(1.0.0),1,1,9,TOT,TOT,10,7,M,2018-05,69,NUM,0,,
ABS:BA_GCCSA(1.0.0),1,1,9,TOT,TOT,10,7,M,2018-06,70,NUM,0,,
ABS:BA_GCCSA(1.0.0),1,1,9,TOT,TOT,10,7,M,2018-07,82,NUM,0,,
ABS:BA_GCCSA(1.0.0),1,1,9,TOT,TOT,10,7,M,2018-08,74,NUM,0,,
ABS:BA_GCCSA(1.0.0),1,1,9,TOT,TOT,10,7,M,2018-09,46,NUM,0,,
ABS:BA_GCCSA(1.0.0),1,1,9,TOT,TOT,10,7,M,2018-10,33,NUM,0,,
ABS:BA_GCCSA(1.0.0),1,1,9,TOT,TOT,10,7,M,2018-11,79,NUM,0,,
ABS:BA_GCCSA(1.0.0),1,1,9,TOT,TOT,10,7,M,2018-12,51,NUM,0,,
ABS:BA_GCCSA(1.0.0),1,1,9,TOT,TOT,10,7,M,2019-01,33,NUM,0,,
ABS:BA_GCCSA(1.0.0),1,1,9,TOT,TOT,10,7,M,2019-02,44,NUM,0,,
ABS:BA_GCCSA(1.0.0),1,1,9,TOT,TOT,10,7,M,2019-03,72,NUM,0,,
ABS:BA_GCCSA(1.0.0),1,1,9,TOT,TOT,10,7,M,2019-04,35,NUM,0,,
ABS:BA_GCCSA(1.0.0),1,1,9,TOT,TOT,10,7,M,2019-05,61,NUM,0,,
ABS:BA_GCCSA(1.0.0),1,1,9,TOT,TOT,10,7,M,2019-06,70,NUM,0,,
ABS:BA_GCCSA(1.0.0),1,1,9,TOT,TOT,10,7,M,2019-07,46,NUM,0,,
ABS:BA_GCCSA(1.0.0),1,1,9,TOT,TOT,10,7,M,2019-08,49,NUM,0,,
ABS:BA_GCCSA(1.0.0),1,1,9,TOT,TOT,10,7,M,2019-09,33,NUM,0,,
ABS:BA_GCCSA(1.0.0),1,1,9,TOT,TOT,10,7,M,2019-10,25,NUM,0,,
ABS:BA_GCCSA(1.0.0),1,1,9,TOT,TOT,10,7,M,2019-11,48,NUM,0,,
ABS:BA_GCCSA(1.0.0),1,1,9,TOT,TOT,10,7,M,2019-12,43,NUM,0,,
ABS:BA_GCCSA(1.0.0),1,1,9,TOT,TOT,10,7,M,2020-01,17,NUM,0,,
ABS:BA_GCCSA(1.0.0),1,1,9,TOT,TOT,10,7,M,2020-02,34,NUM,0,,
ABS:BA_GCCSA(1.0.0),1,1,9,TOT,TOT,10,7,M,2020-03,42,NUM,0,,
ABS:BA_GCCSA(1.0.0),1,1,9,TOT,TOT,10,7,M,2020-04,76,NUM,0,,
ABS:BA_GCCSA(1.0.0),1,1,9,TOT,TOT,10,7,M,2020-05,44,NUM,0,,
ABS:BA_GCCSA(1.0.0),1,1,9,TOT,TOT,10,7,M,2020-06,125,NUM,0,,
ABS:BA_GCCSA(1.0.0),1,1,9,TOT,TOT,10,7,M,2020-07,31,NUM,0,,
ABS:BA_GCCSA(1.0.0),1,1,9,TOT,TOT,10,7,M,2020-08,38,NUM,0,,
ABS:BA_GCCSA(1.0.0),1,1,9,TOT,TOT,10,7,M,2020-09,95,NUM,0,,
ABS:BA_GCCSA(1.0.0),1,1,9,TOT,TOT,10,7,M,2020-10,48,NUM,0,,
ABS:BA_GCCSA(1.0.0),1,1,9,TOT,TOT,10,7,M,2020-11,78,NUM,0,,
ABS:BA_GCCSA(1.0.0),1,1,9,TOT,TOT,10,7,M,2020-12,70,NUM,0,,
ABS:BA_GCCSA(1.0.0),1,1,9,TOT,TOT,10,7,M,2021-01,31,NUM,0,,
ABS:BA_GCCSA(1.0.0),1,1,9,TOT,TOT,10,7,M,2021-02,61,NUM,0,,
ABS:BA_GCCSA(1.0.0),1,1,9,TOT,TOT,10,7,M,2021-03,165,NUM,0,,
ABS:BA_GCCSA(1.0.0),1,1,9,TOT,TOT,10,7,M,2021-04,66,NUM,0,,
ABS:BA_GCCSA(1.0.0),1,1,9,TOT,TOT,10,7,M,2021-05,60,NUM,0,,
ABS:BA_GCCSA(1.0.0),1,1,9,TOT,TOT,10,7,M,2021-06,52,NUM,0,,
ABS:BA_GCCSA(1.0.0),1,1,9,TOT,TOT,10,7,M,2021-07,45,NUM,0,,
ABS:BA_GCCSA(1.0.0),1,1,9,TOT,TOT,10,7,M,2021-08,23,NUM,0,,
ABS:BA_GCCSA(1.0.0),1,1,9,TOT,TOT,10,7,M,2021-09,44,NUM,0,,
ABS:BA_GCCSA(1.0.0),1,1,9,TOT,TOT,10,7,M,2021-10,22,NUM,0,,
ABS:BA_GCCSA(1.0.0),1,1,9,TOT,TOT,10,7,M,2021-11,41,NUM,0,,
ABS:BA_GCCSA(1.0.0),1,1,9,TOT,TOT,10,7,M,2021-12,28,NUM,0,,
ABS:BA_GCCSA(1.0.0),1,1,9,TOT,TOT,10,7,M,2022-01,23,NUM,0,,
ABS:BA_GCCSA(1.0.0),1,1,9,TOT,TOT,10,7,M,2022-02,76,NUM,0,,
ABS:BA_GCCSA(1.0.0),1,1,9,TOT,TOT,10,7,M,2022-03,103,NUM,0,,
ABS:BA_GCCSA(1.0.0),1,1,9,TOT,TOT,10,7,M,2022-04,19,NUM,0,,
ABS:BA_GCCSA(1.0.0),1,1,9,TOT,TOT,10,7,M,2022-05,49,NUM,0,,
ABS:BA_GCCSA(1.0.0),1,1,9,TOT,TOT,10,7,M,2022-06,56,NUM,0,,
ABS:BA_GCCSA(1.0.0),1,1,9,TOT,TOT,10,7,M,2022-07,85,NUM,0,,
ABS:BA_GCCSA(1.0.0),1,1,9,TOT,TOT,10,7,M,2022-08,79,NUM,0,,
ABS:BA_GCCSA(1.0.0),1,1,9,TOT,TOT,10,7,M,2022-09,50,NUM,0,,
ABS:BA_GCCSA(1.0.0),1,1,9,TOT,TOT,10,7,M,2022-10,45,NUM,0,,
ABS:BA_GCCSA(1.0.0),1,1,9,TOT,TOT,10,7,M,2022-11,47,NUM,0,,
ABS:BA_GCCSA(1.0.0),1,1,9,TOT,TOT,10,7,M,2022-12,41,NUM,0,,
ABS:BA_GCCSA(1.0.0),1,1,9,TOT,TOT,10,7,M,2023-01,22,NUM,0,,
ABS:BA_GCCSA(1.0.0),1,1,9,TOT,TOT,10,7,M,2023-02,51,NUM,0,,
ABS:BA_GCCSA(1.0.0),1,1,9,TOT,TOT,10,7,M,2023-03,65,NUM,0,,
ABS:BA_GCCSA(1.0.0),1,1,9,TOT,TOT,10,7,M,2023-04,34,NUM,0,,
ABS:BA_GCCSA(1.0.0),1,1,9,TOT,TOT,10,7,M,2023-05,45,NUM,0,,
ABS:BA_GCCSA(1.0.0),1,1,9,TOT,TOT,10,7,M,2023-06,39,NUM,0,,
ABS:BA_GCCSA(1.0.0),1,1,9,TOT,TOT,10,7,M,2023-07,45,NUM,0,,
ABS:BA_GCCSA(1.0.0),1,1,9,TOT,TOT,10,7,M,2023-08,44,NUM,0,,
ABS:BA_GCCSA(1.0.0),1,1,9,TOT,TOT,10,7,M,2023-09,39,NUM,0,,
ABS:BA_GCCSA(1.0.0),1,1,9,TOT,TOT,10,7,M,2023-10,33,NUM,0,,
ABS:BA_GCCSA(1.0.0),1,1,9,TOT,TOT,10,7,M,2023-11,44,NUM,0,,
ABS:BA_GCCSA(1.0.0),1,1,9,TOT,TOT,10,7,M,2023-12,25,NUM,0,,
ABS:BA_GCCSA(1.0.0),1,1,9,TOT,TOT,10,7,M,2024-01,14,NUM,0,,
ABS:BA_GCCSA(1.0.0),1,1,9,TOT,TOT,10,7,M,2024-02,23,NUM,0,,
ABS:BA_GCCSA(1.0.0),1,1,9,TOT,TOT,10,7,M,2024-03,55,NUM,0,,
ABS:BA_GCCSA(1.0.0),1,1,9,TOT,TOT,10,7,M,2024-04,43,NUM,0,,
ABS:BA_GCCSA(1.0.0),1,1,9,TOT,TOT,10,7,M,2024-05,40,NUM,0,,
ABS:BA_GCCSA(1.0.0),1,1,9,TOT,TOT,10,7,M,2024-06,32,NUM,0,,
ABS:BA_GCCSA(1.0.0),1,1,9,TOT,TOT,10,7,M,2024-07,42,NUM,0,,
ABS:BA_GCCSA(1.0.0),1,1,9,TOT,TOT,10,7,M,2024-08,34,NUM,0,,
ABS:BA_GCCSA(1.0.0),1,1,9,TOT,TOT,10,7,M,2024-09,44,NUM,0,,
ABS:BA_GCCSA(1.0.0),1,1,9,TOT,TOT,10,7,M,2024-10,29,NUM,0,,
ABS:BA_GCCSA(1.0.0),1,1,9,TOT,TOT,10,7,M,2024-11,55,NUM,0,,
ABS:BA_GCCSA(1.0.0),1,1,9,TOT,TOT,10,7,M,2024-12,19,NUM,0,,
ABS:BA_GCCSA(1.0.0),1,1,9,TOT,TOT,10,7,M,2025-01,59,NUM,0,,
ABS:BA_GCCSA(1.0.0),1,1,9,TOT,TOT,10,7,M,2025-02,49,NUM,0,,
ABS:BA_GCCSA(1.0.0),1,1,9,TOT,TOT,10,7,M,2025-03,46,NUM,0,,
ABS:BA_GCCSA(1.0.0),1,1,9,TOT,TOT,10,7,M,2025-04,63,NUM,0,,
ABS:BA_GCCSA(1.0.0),1,1,9,TOT,TOT,10,7,M,2025-05,40,NUM,0,,
ABS:BA_GCCSA(1.0.0),1,1,9,TOT,TOT,10,7,M,2025-06,44,NUM,0,,
ABS:BA_GCCSA(1.0.0),1,1,9,TOT,TOT,10,7,M,2025-07,53,NUM,0,,
ABS:BA_GCCSA(1.0.0),1,1,9,TOT,TOT,10,7,M,2025-08,49,NUM,0,,
ABS:BA_GCCSA(1.0.0),1,1,9,TOT,TOT,10,7,M,2025-09,73,NUM,0,,
ABS:BA_GCCSA(1.0.0),1,1,9,TOT,TOT,10,7,M,2025-10,81,NUM,0,,
ABS:BA_GCCSA(1.0.0),1,1,9,TOT,TOT,10,7,M,2025-11,57,NUM,0,,
ABS:BA_GCCSA(1.0.0),1,1,9,TOT,TOT,10,7,M,2025-12,73,NUM,0,,
ABS:BA_GCCSA(1.0.0),1,1,9,TOT,TOT,10,7,M,2026-01,28,NUM,0,,
ABS:BA_GCCSA(1.0.0),1,1,9,TOT,TOT,10,6,M,2010-01,209,NUM,0,,
ABS:BA_GCCSA(1.0.0),1,1,9,TOT,TOT,10,6,M,2010-02,257,NUM,0,,
ABS:BA_GCCSA(1.0.0),1,1,9,TOT,TOT,10,6,M,2010-03,284,NUM,0,,
ABS:BA_GCCSA(1.0.0),1,1,9,TOT,TOT,10,6,M,2010-04,237,NUM,0,,
ABS:BA_GCCSA(1.0.0),1,1,9,TOT,TOT,10,6,M,2010-05,224,NUM,0,,
ABS:BA_GCCSA(1.0.0),1,1,9,TOT,TOT,10,6,M,2010-06,299,NUM,0,,
ABS:BA_GCCSA(1.0.0),1,1,9,TOT,TOT,10,6,M,2010-07,315,NUM,0,,
ABS:BA_GCCSA(1.0.0),1,1,9,TOT,TOT,10,6,M,2010-08,264,NUM,0,,
ABS:BA_GCCSA(1.0.0),1,1,9,TOT,TOT,10,6,M,2010-09,301,NUM,0,,
ABS:BA_GCCSA(1.0.0),1,1,9,TOT,TOT,10,6,M,2010-10,283,NUM,0,,
ABS:BA_GCCSA(1.0.0),1,1,9,TOT,TOT,10,6,M,2010-11,267,NUM,0,,
ABS:BA_GCCSA(1.0.0),1,1,9,TOT,TOT,10,6,M,2010-12,259,NUM,0,,
ABS:BA_GCCSA(1.0.0),1,1,9,TOT,TOT,10,6,M,2011-01,145,NUM,0,,
ABS:BA_GCCSA(1.0.0),1,1,9,TOT,TOT,10,6,M,2011-02,252,NUM,0,,
ABS:BA_GCCSA(1.0.0),1,1,9,TOT,TOT,10,6,M,2011-03,294,NUM,0,,
ABS:BA_GCCSA(1.0.0),1,1,9,TOT,TOT,10,6,M,2011-04,212,NUM,0,,
ABS:BA_GCCSA(1.0.0),1,1,9,TOT,TOT,10,6,M,2011-05,292,NUM,0,,
ABS:BA_GCCSA(1.0.0),1,1,9,TOT,TOT,10,6,M,2011-06,240,NUM,0,,
ABS:BA_GCCSA(1.0.0),1,1,9,TOT,TOT,10,6,M,2011-07,184,NUM,0,,
ABS:BA_GCCSA(1.0.0),1,1,9,TOT,TOT,10,6,M,2011-08,225,NUM,0,,
ABS:BA_GCCSA(1.0.0),1,1,9,TOT,TOT,10,6,M,2011-09,213,NUM,0,,
ABS:BA_GCCSA(1.0.0),1,1,9,TOT,TOT,10,6,M,2011-10,163,NUM,0,,
ABS:BA_GCCSA(1.0.0),1,1,9,TOT,TOT,10,6,M,2011-11,157,NUM,0,,
ABS:BA_GCCSA(1.0.0),1,1,9,TOT,TOT,10,6,M,2011-12,179,NUM,0,,
ABS:BA_GCCSA(1.0.0),1,1,9,TOT,TOT,10,6,M,2012-01,143,NUM,0,,
ABS:BA_GCCSA(1.0.0),1,1,9,TOT,TOT,10,6,M,2012-02,191,NUM,0,,
ABS:BA_GCCSA(1.0.0),1,1,9,TOT,TOT,10,6,M,2012-03,169,NUM,0,,
ABS:BA_GCCSA(1.0.0),1,1,9,TOT,TOT,10,6,M,2012-04,158,NUM,0,,
ABS:BA_GCCSA(1.0.0),1,1,9,TOT,TOT,10,6,M,2012-05,180,NUM,0,,
ABS:BA_GCCSA(1.0.0),1,1,9,TOT,TOT,10,6,M,2012-06,164,NUM,0,,
ABS:BA_GCCSA(1.0.0),1,1,9,TOT,TOT,10,6,M,2012-07,192,NUM,0,,
ABS:BA_GCCSA(1.0.0),1,1,9,TOT,TOT,10,6,M,2012-08,184,NUM,0,,
ABS:BA_GCCSA(1.0.0),1,1,9,TOT,TOT,10,6,M,2012-09,157,NUM,0,,
ABS:BA_GCCSA(1.0.0),1,1,9,TOT,TOT,10,6,M,2012-10,188,NUM,0,,
ABS:BA_GCCSA(1.0.0),1,1,9,TOT,TOT,10,6,M,2012-11,168,NUM,0,,
ABS:BA_GCCSA(1.0.0),1,1,9,TOT,TOT,10,6,M,2012-12,116,NUM,0,,
ABS:BA_GCCSA(1.0.0),1,1,9,TOT,TOT,10,6,M,2013-01,129,NUM,0,,
ABS:BA_GCCSA(1.0.0),1,1,9,TOT,TOT,10,6,M,2013-02,132,NUM,0,,
ABS:BA_GCCSA(1.0.0),1,1,9,TOT,TOT,10,6,M,2013-03,125,NUM,0,,
ABS:BA_GCCSA(1.0.0),1,1,9,TOT,TOT,10,6,M,2013-04,206,NUM,0,,
ABS:BA_GCCSA(1.0.0),1,1,9,TOT,TOT,10,6,M,2013-05,143,NUM,0,,
ABS:BA_GCCSA(1.0.0),1,1,9,TOT,TOT,10,6,M,2013-06,157,NUM,0,,
ABS:BA_GCCSA(1.0.0),1,1,9,TOT,TOT,10,6,M,2013-07,195,NUM,0,,
ABS:BA_GCCSA(1.0.0),1,1,9,TOT,TOT,10,6,M,2013-08,193,NUM,0,,
ABS:BA_GCCSA(1.0.0),1,1,9,TOT,TOT,10,6,M,2013-09,139,NUM,0,,
ABS:BA_GCCSA(1.0.0),1,1,9,TOT,TOT,10,6,M,2013-10,202,NUM,0,,
ABS:BA_GCCSA(1.0.0),1,1,9,TOT,TOT,10,6,M,2013-11,142,NUM,0,,
ABS:BA_GCCSA(1.0.0),1,1,9,TOT,TOT,10,6,M,2013-12,135,NUM,0,,
ABS:BA_GCCSA(1.0.0),1,1,9,TOT,TOT,10,6,M,2014-01,144,NUM,0,,
ABS:BA_GCCSA(1.0.0),1,1,9,TOT,TOT,10,6,M,2014-02,156,NUM,0,,
ABS:BA_GCCSA(1.0.0),1,1,9,TOT,TOT,10,6,M,2014-03,228,NUM,0,,
ABS:BA_GCCSA(1.0.0),1,1,9,TOT,TOT,10,6,M,2014-04,199,NUM,0,,
ABS:BA_GCCSA(1.0.0),1,1,9,TOT,TOT,10,6,M,2014-05,246,NUM,0,,
ABS:BA_GCCSA(1.0.0),1,1,9,TOT,TOT,10,6,M,2014-06,205,NUM,0,,
ABS:BA_GCCSA(1.0.0),1,1,9,TOT,TOT,10,6,M,2014-07,221,NUM,0,,
ABS:BA_GCCSA(1.0.0),1,1,9,TOT,TOT,10,6,M,2014-08,197,NUM,0,,
ABS:BA_GCCSA(1.0.0),1,1,9,TOT,TOT,10,6,M,2014-09,210,NUM,0,,
ABS:BA_GCCSA(1.0.0),1,1,9,TOT,TOT,10,6,M,2014-10,274,NUM,0,,
ABS:BA_GCCSA(1.0.0),1,1,9,TOT,TOT,10,6,M,2014-11,241,NUM,0,,
ABS:BA_GCCSA(1.0.0),1,1,9,TOT,TOT,10,6,M,2014-12,230,NUM,0,,
ABS:BA_GCCSA(1.0.0),1,1,9,TOT,TOT,10,6,M,2015-01,172,NUM,0,,
ABS:BA_GCCSA(1.0.0),1,1,9,TOT,TOT,10,6,M,2015-02,195,NUM,0,,
ABS:BA_GCCSA(1.0.0),1,1,9,TOT,TOT,10,6,M,2015-03,340,NUM,0,,
ABS:BA_GCCSA(1.0.0),1,1,9,TOT,TOT,10,6,M,2015-04,271,NUM,0,,
ABS:BA_GCCSA(1.0.0),1,1,9,TOT,TOT,10,6,M,2015-05,248,NUM,0,,
ABS:BA_GCCSA(1.0.0),1,1,9,TOT,TOT,10,6,M,2015-06,273,NUM,0,,
ABS:BA_GCCSA(1.0.0),1,1,9,TOT,TOT,10,6,M,2015-07,199,NUM,0,,
ABS:BA_GCCSA(1.0.0),1,1,9,TOT,TOT,10,6,M,2015-08,222,NUM,0,,
ABS:BA_GCCSA(1.0.0),1,1,9,TOT,TOT,10,6,M,2015-09,265,NUM,0,,
ABS:BA_GCCSA(1.0.0),1,1,9,TOT,TOT,10,6,M,2015-10,176,NUM,0,,
ABS:BA_GCCSA(1.0.0),1,1,9,TOT,TOT,10,6,M,2015-11,222,NUM,0,,
ABS:BA_GCCSA(1.0.0),1,1,9,TOT,TOT,10,6,M,2015-12,210,NUM,0,,
ABS:BA_GCCSA(1.0.0),1,1,9,TOT,TOT,10,6,M,2016-01,153,NUM,0,,
ABS:BA_GCCSA(1.0.0),1,1,9,TOT,TOT,10,6,M,2016-02,230,NUM,0,,
ABS:BA_GCCSA(1.0.0),1,1,9,TOT,TOT,10,6,M,2016-03,189,NUM,0,,
ABS:BA_GCCSA(1.0.0),1,1,9,TOT,TOT,10,6,M,2016-04,206,NUM,0,,
ABS:BA_GCCSA(1.0.0),1,1,9,TOT,TOT,10,6,M,2016-05,215,NUM,0,,
ABS:BA_GCCSA(1.0.0),1,1,9,TOT,TOT,10,6,M,2016-06,161,NUM,0,,
ABS:BA_GCCSA(1.0.0),1,1,9,TOT,TOT,10,6,M,2016-07,151,NUM,0,,
ABS:BA_GCCSA(1.0.0),1,1,9,TOT,TOT,10,6,M,2016-08,184,NUM,0,,
ABS:BA_GCCSA(1.0.0),1,1,9,TOT,TOT,10,6,M,2016-09,157,NUM,0,,
ABS:BA_GCCSA(1.0.0),1,1,9,TOT,TOT,10,6,M,2016-10,160,NUM,0,,
ABS:BA_GCCSA(1.0.0),1,1,9,TOT,TOT,10,6,M,2016-11,169,NUM,0,,
ABS:BA_GCCSA(1.0.0),1,1,9,TOT,TOT,10,6,M,2016-12,196,NUM,0,,
ABS:BA_GCCSA(1.0.0),1,1,9,TOT,TOT,10,6,M,2017-01,155,NUM,0,,
ABS:BA_GCCSA(1.0.0),1,1,9,TOT,TOT,10,6,M,2017-02,186,NUM,0,,
ABS:BA_GCCSA(1.0.0),1,1,9,TOT,TOT,10,6,M,2017-03,234,NUM,0,,
ABS:BA_GCCSA(1.0.0),1,1,9,TOT,TOT,10,6,M,2017-04,172,NUM,0,,
ABS:BA_GCCSA(1.0.0),1,1,9,TOT,TOT,10,6,M,2017-05,268,NUM,0,,
ABS:BA_GCCSA(1.0.0),1,1,9,TOT,TOT,10,6,M,2017-06,218,NUM,0,,
ABS:BA_GCCSA(1.0.0),1,1,9,TOT,TOT,10,6,M,2017-07,165,NUM,0,,
ABS:BA_GCCSA(1.0.0),1,1,9,TOT,TOT,10,6,M,2017-08,254,NUM,0,,
ABS:BA_GCCSA(1.0.0),1,1,9,TOT,TOT,10,6,M,2017-09,251,NUM,0,,
ABS:BA_GCCSA(1.0.0),1,1,9,TOT,TOT,10,6,M,2017-10,251,NUM,0,,
ABS:BA_GCCSA(1.0.0),1,1,9,TOT,TOT,10,6,M,2017-11,291,NUM,0,,
ABS:BA_GCCSA(1.0.0),1,1,9,TOT,TOT,10,6,M,2017-12,245,NUM,0,,
ABS:BA_GCCSA(1.0.0),1,1,9,TOT,TOT,10,6,M,2018-01,213,NUM,0,,
ABS:BA_GCCSA(1.0.0),1,1,9,TOT,TOT,10,6,M,2018-02,196,NUM,0,,
ABS:BA_GCCSA(1.0.0),1,1,9,TOT,TOT,10,6,M,2018-03,214,NUM,0,,
ABS:BA_GCCSA(1.0.0),1,1,9,TOT,TOT,10,6,M,2018-04,222,NUM,0,,
ABS:BA_GCCSA(1.0.0),1,1,9,TOT,TOT,10,6,M,2018-05,285,NUM,0,,
ABS:BA_GCCSA(1.0.0),1,1,9,TOT,TOT,10,6,M,2018-06,271,NUM,0,,
ABS:BA_GCCSA(1.0.0),1,1,9,TOT,TOT,10,6,M,2018-07,279,NUM,0,,
ABS:BA_GCCSA(1.0.0),1,1,9,TOT,TOT,10,6,M,2018-08,264,NUM,0,,
ABS:BA_GCCSA(1.0.0),1,1,9,TOT,TOT,10,6,M,2018-09,246,NUM,0,,
ABS:BA_GCCSA(1.0.0),1,1,9,TOT,TOT,10,6,M,2018-10,284,NUM,0,,
ABS:BA_GCCSA(1.0.0),1,1,9,TOT,TOT,10,6,M,2018-11,372,NUM,0,,
ABS:BA_GCCSA(1.0.0),1,1,9,TOT,TOT,10,6,M,2018-12,228,NUM,0,,
ABS:BA_GCCSA(1.0.0),1,1,9,TOT,TOT,10,6,M,2019-01,260,NUM,0,,
ABS:BA_GCCSA(1.0.0),1,1,9,TOT,TOT,10,6,M,2019-02,240,NUM,0,,
ABS:BA_GCCSA(1.0.0),1,1,9,TOT,TOT,10,6,M,2019-03,304,NUM,0,,
ABS:BA_GCCSA(1.0.0),1,1,9,TOT,TOT,10,6,M,2019-04,269,NUM,0,,
ABS:BA_GCCSA(1.0.0),1,1,9,TOT,TOT,10,6,M,2019-05,263,NUM,0,,
ABS:BA_GCCSA(1.0.0),1,1,9,TOT,TOT,10,6,M,2019-06,212,NUM,0,,
ABS:BA_GCCSA(1.0.0),1,1,9,TOT,TOT,10,6,M,2019-07,274,NUM,0,,
ABS:BA_GCCSA(1.0.0),1,1,9,TOT,TOT,10,6,M,2019-08,295,NUM,0,,
ABS:BA_GCCSA(1.0.0),1,1,9,TOT,TOT,10,6,M,2019-09,263,NUM,0,,
ABS:BA_GCCSA(1.0.0),1,1,9,TOT,TOT,10,6,M,2019-10,294,NUM,0,,
ABS:BA_GCCSA(1.0.0),1,1,9,TOT,TOT,10,6,M,2019-11,282,NUM,0,,
ABS:BA_GCCSA(1.0.0),1,1,9,TOT,TOT,10,6,M,2019-12,222,NUM,0,,
ABS:BA_GCCSA(1.0.0),1,1,9,TOT,TOT,10,6,M,2020-01,203,NUM,0,,
ABS:BA_GCCSA(1.0.0),1,1,9,TOT,TOT,10,6,M,2020-02,257,NUM,0,,
ABS:BA_GCCSA(1.0.0),1,1,9,TOT,TOT,10,6,M,2020-03,328,NUM,0,,
ABS:BA_GCCSA(1.0.0),1,1,9,TOT,TOT,10,6,M,2020-04,289,NUM,0,,
ABS:BA_GCCSA(1.0.0),1,1,9,TOT,TOT,10,6,M,2020-05,239,NUM,0,,
ABS:BA_GCCSA(1.0.0),1,1,9,TOT,TOT,10,6,M,2020-06,252,NUM,0,,
ABS:BA_GCCSA(1.0.0),1,1,9,TOT,TOT,10,6,M,2020-07,345,NUM,0,,
ABS:BA_GCCSA(1.0.0),1,1,9,TOT,TOT,10,6,M,2020-08,258,NUM,0,,
ABS:BA_GCCSA(1.0.0),1,1,9,TOT,TOT,10,6,M,2020-09,314,NUM,0,,
ABS:BA_GCCSA(1.0.0),1,1,9,TOT,TOT,10,6,M,2020-10,287,NUM,0,,
ABS:BA_GCCSA(1.0.0),1,1,9,TOT,TOT,10,6,M,2020-11,319,NUM,0,,
ABS:BA_GCCSA(1.0.0),1,1,9,TOT,TOT,10,6,M,2020-12,440,NUM,0,,
ABS:BA_GCCSA(1.0.0),1,1,9,TOT,TOT,10,6,M,2021-01,267,NUM,0,,
ABS:BA_GCCSA(1.0.0),1,1,9,TOT,TOT,10,6,M,2021-02,411,NUM,0,,
ABS:BA_GCCSA(1.0.0),1,1,9,TOT,TOT,10,6,M,2021-03,494,NUM,0,,
ABS:BA_GCCSA(1.0.0),1,1,9,TOT,TOT,10,6,M,2021-04,397,NUM,0,,
ABS:BA_GCCSA(1.0.0),1,1,9,TOT,TOT,10,6,M,2021-05,382,NUM,0,,
ABS:BA_GCCSA(1.0.0),1,1,9,TOT,TOT,10,6,M,2021-06,378,NUM,0,,
ABS:BA_GCCSA(1.0.0),1,1,9,TOT,TOT,10,6,M,2021-07,330,NUM,0,,
ABS:BA_GCCSA(1.0.0),1,1,9,TOT,TOT,10,6,M,2021-08,277,NUM,0,,
ABS:BA_GCCSA(1.0.0),1,1,9,TOT,TOT,10,6,M,2021-09,248,NUM,0,,
ABS:BA_GCCSA(1.0.0),1,1,9,TOT,TOT,10,6,M,2021-10,197,NUM,0,,
ABS:BA_GCCSA(1.0.0),1,1,9,TOT,TOT,10,6,M,2021-11,341,NUM,0,,
ABS:BA_GCCSA(1.0.0),1,1,9,TOT,TOT,10,6,M,2021-12,295,NUM,0,,
ABS:BA_GCCSA(1.0.0),1,1,9,TOT,TOT,10,6,M,2022-01,196,NUM,0,,
ABS:BA_GCCSA(1.0.0),1,1,9,TOT,TOT,10,6,M,2022-02,301,NUM,0,,
ABS:BA_GCCSA(1.0.0),1,1,9,TOT,TOT,10,6,M,2022-03,266,NUM,0,,
ABS:BA_GCCSA(1.0.0),1,1,9,TOT,TOT,10,6,M,2022-04,227,NUM,0,,
ABS:BA_GCCSA(1.0.0),1,1,9,TOT,TOT,10,6,M,2022-05,314,NUM,0,,
ABS:BA_GCCSA(1.0.0),1,1,9,TOT,TOT,10,6,M,2022-06,347,NUM,0,,
ABS:BA_GCCSA(1.0.0),1,1,9,TOT,TOT,10,6,M,2022-07,321,NUM,0,,
ABS:BA_GCCSA(1.0.0),1,1,9,TOT,TOT,10,6,M,2022-08,331,NUM,0,,
ABS:BA_GCCSA(1.0.0),1,1,9,TOT,TOT,10,6,M,2022-09,246,NUM,0,,
ABS:BA_GCCSA(1.0.0),1,1,9,TOT,TOT,10,6,M,2022-10,192,NUM,0,,
ABS:BA_GCCSA(1.0.0),1,1,9,TOT,TOT,10,6,M,2022-11,431,NUM,0,,
ABS:BA_GCCSA(1.0.0),1,1,9,TOT,TOT,10,6,M,2022-12,216,NUM,0,,
ABS:BA_GCCSA(1.0.0),1,1,9,TOT,TOT,10,6,M,2023-01,131,NUM,0,,
ABS:BA_GCCSA(1.0.0),1,1,9,TOT,TOT,10,6,M,2023-02,335,NUM,0,,
ABS:BA_GCCSA(1.0.0),1,1,9,TOT,TOT,10,6,M,2023-03,228,NUM,0,,
ABS:BA_GCCSA(1.0.0),1,1,9,TOT,TOT,10,6,M,2023-04,182,NUM,0,,
ABS:BA_GCCSA(1.0.0),1,1,9,TOT,TOT,10,6,M,2023-05,329,NUM,0,,
ABS:BA_GCCSA(1.0.0),1,1,9,TOT,TOT,10,6,M,2023-06,188,NUM,0,,
ABS:BA_GCCSA(1.0.0),1,1,9,TOT,TOT,10,6,M,2023-07,276,NUM,0,,
ABS:BA_GCCSA(1.0.0),1,1,9,TOT,TOT,10,6,M,2023-08,254,NUM,0,,
ABS:BA_GCCSA(1.0.0),1,1,9,TOT,TOT,10,6,M,2023-09,252,NUM,0,,
ABS:BA_GCCSA(1.0.0),1,1,9,TOT,TOT,10,6,M,2023-10,220,NUM,0,,
ABS:BA_GCCSA(1.0.0),1,1,9,TOT,TOT,10,6,M,2023-11,195,NUM,0,,
ABS:BA_GCCSA(1.0.0),1,1,9,TOT,TOT,10,6,M,2023-12,156,NUM,0,,
ABS:BA_GCCSA(1.0.0),1,1,9,TOT,TOT,10,6,M,2024-01,171,NUM,0,,
ABS:BA_GCCSA(1.0.0),1,1,9,TOT,TOT,10,6,M,2024-02,266,NUM,0,,
ABS:BA_GCCSA(1.0.0),1,1,9,TOT,TOT,10,6,M,2024-03,211,NUM,0,,
ABS:BA_GCCSA(1.0.0),1,1,9,TOT,TOT,10,6,M,2024-04,171,NUM,0,,
ABS:BA_GCCSA(1.0.0),1,1,9,TOT,TOT,10,6,M,2024-05,227,NUM,0,,
ABS:BA_GCCSA(1.0.0),1,1,9,TOT,TOT,10,6,M,2024-06,170,NUM,0,,
ABS:BA_GCCSA(1.0.0),1,1,9,TOT,TOT,10,6,M,2024-07,244,NUM,0,,
ABS:BA_GCCSA(1.0.0),1,1,9,TOT,TOT,10,6,M,2024-08,195,NUM,0,,
ABS:BA_GCCSA(1.0.0),1,1,9,TOT,TOT,10,6,M,2024-09,201,NUM,0,,
ABS:BA_GCCSA(1.0.0),1,1,9,TOT,TOT,10,6,M,2024-10,236,NUM,0,,
ABS:BA_GCCSA(1.0.0),1,1,9,TOT,TOT,10,6,M,2024-11,190,NUM,0,,
ABS:BA_GCCSA(1.0.0),1,1,9,TOT,TOT,10,6,M,2024-12,189,NUM,0,,
ABS:BA_GCCSA(1.0.0),1,1,9,TOT,TOT,10,6,M,2025-01,120,NUM,0,,
ABS:BA_GCCSA(1.0.0),1,1,9,TOT,TOT,10,6,M,2025-02,291,NUM,0,,
ABS:BA_GCCSA(1.0.0),1,1,9,TOT,TOT,10,6,M,2025-03,166,NUM,0,,
ABS:BA_GCCSA(1.0.0),1,1,9,TOT,TOT,10,6,M,2025-04,157,NUM,0,,
ABS:BA_GCCSA(1.0.0),1,1,9,TOT,TOT,10,6,M,2025-05,180,NUM,0,,
ABS:BA_GCCSA(1.0.0),1,1,9,TOT,TOT,10,6,M,2025-06,171,NUM,0,,
ABS:BA_GCCSA(1.0.0),1,1,9,TOT,TOT,10,6,M,2025-07,216,NUM,0,,
ABS:BA_GCCSA(1.0.0),1,1,9,TOT,TOT,10,6,M,2025-08,229,NUM,0,,
ABS:BA_GCCSA(1.0.0),1,1,9,TOT,TOT,10,6,M,2025-09,274,NUM,0,,
ABS:BA_GCCSA(1.0.0),1,1,9,TOT,TOT,10,6,M,2025-10,227,NUM,0,,
ABS:BA_GCCSA(1.0.0),1,1,9,TOT,TOT,10,6,M,2025-11,182,NUM,0,,
ABS:BA_GCCSA(1.0.0),1,1,9,TOT,TOT,10,6,M,2025-12,227,NUM,0,,
ABS:BA_GCCSA(1.0.0),1,1,9,TOT,TOT,10,6,M,2026-01,172,NUM,0,,
ABS:BA_GCCSA(1.0.0),1,1,9,TOT,TOT,10,8,M,2010-01,242,NUM,0,,
ABS:BA_GCCSA(1.0.0),1,1,9,TOT,TOT,10,8,M,2010-02,292,NUM,0,,
ABS:BA_GCCSA(1.0.0),1,1,9,TOT,TOT,10,8,M,2010-03,397,NUM,0,,
ABS:BA_GCCSA(1.0.0),1,1,9,TOT,TOT,10,8,M,2010-04,548,NUM,0,,
ABS:BA_GCCSA(1.0.0),1,1,9,TOT,TOT,10,8,M,2010-05,377,NUM,0,,
ABS:BA_GCCSA(1.0.0),1,1,9,TOT,TOT,10,8,M,2010-06,488,NUM,0,,
ABS:BA_GCCSA(1.0.0),1,1,9,TOT,TOT,10,8,M,2010-07,358,NUM,0,,
ABS:BA_GCCSA(1.0.0),1,1,9,TOT,TOT,10,8,M,2010-08,568,NUM,0,,
ABS:BA_GCCSA(1.0.0),1,1,9,TOT,TOT,10,8,M,2010-09,277,NUM,0,,
ABS:BA_GCCSA(1.0.0),1,1,9,TOT,TOT,10,8,M,2010-10,1059,NUM,0,,
ABS:BA_GCCSA(1.0.0),1,1,9,TOT,TOT,10,8,M,2010-11,361,NUM,0,,
ABS:BA_GCCSA(1.0.0),1,1,9,TOT,TOT,10,8,M,2010-12,488,NUM,0,,
ABS:BA_GCCSA(1.0.0),1,1,9,TOT,TOT,10,8,M,2011-01,223,NUM,0,,
ABS:BA_GCCSA(1.0.0),1,1,9,TOT,TOT,10,8,M,2011-02,320,NUM,0,,
ABS:BA_GCCSA(1.0.0),1,1,9,TOT,TOT,10,8,M,2011-03,645,NUM,0,,
ABS:BA_GCCSA(1.0.0),1,1,9,TOT,TOT,10,8,M,2011-04,461,NUM,0,,
ABS:BA_GCCSA(1.0.0),1,1,9,TOT,TOT,10,8,M,2011-05,633,NUM,0,,
ABS:BA_GCCSA(1.0.0),1,1,9,TOT,TOT,10,8,M,2011-06,473,NUM,0,,
ABS:BA_GCCSA(1.0.0),1,1,9,TOT,TOT,10,8,M,2011-07,795,NUM,0,,
ABS:BA_GCCSA(1.0.0),1,1,9,TOT,TOT,10,8,M,2011-08,277,NUM,0,,
ABS:BA_GCCSA(1.0.0),1,1,9,TOT,TOT,10,8,M,2011-09,462,NUM,0,,
ABS:BA_GCCSA(1.0.0),1,1,9,TOT,TOT,10,8,M,2011-10,649,NUM,0,,
ABS:BA_GCCSA(1.0.0),1,1,9,TOT,TOT,10,8,M,2011-11,193,NUM,0,,
ABS:BA_GCCSA(1.0.0),1,1,9,TOT,TOT,10,8,M,2011-12,379,NUM,0,,
ABS:BA_GCCSA(1.0.0),1,1,9,TOT,TOT,10,8,M,2012-01,87,NUM,0,,
ABS:BA_GCCSA(1.0.0),1,1,9,TOT,TOT,10,8,M,2012-02,321,NUM,0,,
ABS:BA_GCCSA(1.0.0),1,1,9,TOT,TOT,10,8,M,2012-03,243,NUM,0,,
ABS:BA_GCCSA(1.0.0),1,1,9,TOT,TOT,10,8,M,2012-04,199,NUM,0,,
ABS:BA_GCCSA(1.0.0),1,1,9,TOT,TOT,10,8,M,2012-05,972,NUM,0,,
ABS:BA_GCCSA(1.0.0),1,1,9,TOT,TOT,10,8,M,2012-06,286,NUM,0,,
ABS:BA_GCCSA(1.0.0),1,1,9,TOT,TOT,10,8,M,2012-07,197,NUM,0,,
ABS:BA_GCCSA(1.0.0),1,1,9,TOT,TOT,10,8,M,2012-08,225,NUM,0,,
ABS:BA_GCCSA(1.0.0),1,1,9,TOT,TOT,10,8,M,2012-09,226,NUM,0,,
ABS:BA_GCCSA(1.0.0),1,1,9,TOT,TOT,10,8,M,2012-10,251,NUM,0,,
ABS:BA_GCCSA(1.0.0),1,1,9,TOT,TOT,10,8,M,2012-11,488,NUM,0,,
ABS:BA_GCCSA(1.0.0),1,1,9,TOT,TOT,10,8,M,2012-12,299,NUM,0,,
ABS:BA_GCCSA(1.0.0),1,1,9,TOT,TOT,10,8,M,2013-01,202,NUM,0,,
ABS:BA_GCCSA(1.0.0),1,1,9,TOT,TOT,10,8,M,2013-02,392,NUM,0,,
ABS:BA_GCCSA(1.0.0),1,1,9,TOT,TOT,10,8,M,2013-03,304,NUM,0,,
ABS:BA_GCCSA(1.0.0),1,1,9,TOT,TOT,10,8,M,2013-04,366,NUM,0,,
ABS:BA_GCCSA(1.0.0),1,1,9,TOT,TOT,10,8,M,2013-05,607,NUM,0,,
ABS:BA_GCCSA(1.0.0),1,1,9,TOT,TOT,10,8,M,2013-06,245,NUM,0,,
ABS:BA_GCCSA(1.0.0),1,1,9,TOT,TOT,10,8,M,2013-07,844,NUM,0,,
ABS:BA_GCCSA(1.0.0),1,1,9,TOT,TOT,10,8,M,2013-08,374,NUM,0,,
ABS:BA_GCCSA(1.0.0),1,1,9,TOT,TOT,10,8,M,2013-09,310,NUM,0,,
ABS:BA_GCCSA(1.0.0),1,1,9,TOT,TOT,10,8,M,2013-10,451,NUM,0,,
ABS:BA_GCCSA(1.0.0),1,1,9,TOT,TOT,10,8,M,2013-11,327,NUM,0,,
ABS:BA_GCCSA(1.0.0),1,1,9,TOT,TOT,10,8,M,2013-12,379,NUM,0,,
ABS:BA_GCCSA(1.0.0),1,1,9,TOT,TOT,10,8,M,2014-01,457,NUM,0,,
ABS:BA_GCCSA(1.0.0),1,1,9,TOT,TOT,10,8,M,2014-02,387,NUM,0,,
ABS:BA_GCCSA(1.0.0),1,1,9,TOT,TOT,10,8,M,2014-03,410,NUM,0,,
ABS:BA_GCCSA(1.0.0),1,1,9,TOT,TOT,10,8,M,2014-04,293,NUM,0,,
ABS:BA_GCCSA(1.0.0),1,1,9,TOT,TOT,10,8,M,2014-05,213,NUM,0,,
ABS:BA_GCCSA(1.0.0),1,1,9,TOT,TOT,10,8,M,2014-06,191,NUM,0,,
ABS:BA_GCCSA(1.0.0),1,1,9,TOT,TOT,10,8,M,2014-07,307,NUM,0,,
ABS:BA_GCCSA(1.0.0),1,1,9,TOT,TOT,10,8,M,2014-08,570,NUM,0,,
ABS:BA_GCCSA(1.0.0),1,1,9,TOT,TOT,10,8,M,2014-09,184,NUM,0,,
ABS:BA_GCCSA(1.0.0),1,1,9,TOT,TOT,10,8,M,2014-10,253,NUM,0,,
ABS:BA_GCCSA(1.0.0),1,1,9,TOT,TOT,10,8,M,2014-11,406,NUM,0,,
ABS:BA_GCCSA(1.0.0),1,1,9,TOT,TOT,10,8,M,2014-12,267,NUM,0,,
ABS:BA_GCCSA(1.0.0),1,1,9,TOT,TOT,10,8,M,2015-01,238,NUM,0,,
ABS:BA_GCCSA(1.0.0),1,1,9,TOT,TOT,10,8,M,2015-02,104,NUM,0,,
ABS:BA_GCCSA(1.0.0),1,1,9,TOT,TOT,10,8,M,2015-03,241,NUM,0,,
ABS:BA_GCCSA(1.0.0),1,1,9,TOT,TOT,10,8,M,2015-04,851,NUM,0,,
ABS:BA_GCCSA(1.0.0),1,1,9,TOT,TOT,10,8,M,2015-05,292,NUM,0,,
ABS:BA_GCCSA(1.0.0),1,1,9,TOT,TOT,10,8,M,2015-06,548,NUM,0,,
ABS:BA_GCCSA(1.0.0),1,1,9,TOT,TOT,10,8,M,2015-07,290,NUM,0,,
ABS:BA_GCCSA(1.0.0),1,1,9,TOT,TOT,10,8,M,2015-08,589,NUM,0,,
ABS:BA_GCCSA(1.0.0),1,1,9,TOT,TOT,10,8,M,2015-09,411,NUM,0,,
ABS:BA_GCCSA(1.0.0),1,1,9,TOT,TOT,10,8,M,2015-10,208,NUM,0,,
ABS:BA_GCCSA(1.0.0),1,1,9,TOT,TOT,10,8,M,2015-11,255,NUM,0,,
ABS:BA_GCCSA(1.0.0),1,1,9,TOT,TOT,10,8,M,2015-12,162,NUM,0,,
ABS:BA_GCCSA(1.0.0),1,1,9,TOT,TOT,10,8,M,2016-01,231,NUM,0,,
ABS:BA_GCCSA(1.0.0),1,1,9,TOT,TOT,10,8,M,2016-02,811,NUM,0,,
ABS:BA_GCCSA(1.0.0),1,1,9,TOT,TOT,10,8,M,2016-03,528,NUM,0,,
ABS:BA_GCCSA(1.0.0),1,1,9,TOT,TOT,10,8,M,2016-04,263,NUM,0,,
ABS:BA_GCCSA(1.0.0),1,1,9,TOT,TOT,10,8,M,2016-05,681,NUM,0,,
ABS:BA_GCCSA(1.0.0),1,1,9,TOT,TOT,10,8,M,2016-06,248,NUM,0,,
ABS:BA_GCCSA(1.0.0),1,1,9,TOT,TOT,10,8,M,2016-07,532,NUM,0,,
ABS:BA_GCCSA(1.0.0),1,1,9,TOT,TOT,10,8,M,2016-08,627,NUM,0,,
ABS:BA_GCCSA(1.0.0),1,1,9,TOT,TOT,10,8,M,2016-09,912,NUM,0,,
ABS:BA_GCCSA(1.0.0),1,1,9,TOT,TOT,10,8,M,2016-10,346,NUM,0,,
ABS:BA_GCCSA(1.0.0),1,1,9,TOT,TOT,10,8,M,2016-11,536,NUM,0,,
ABS:BA_GCCSA(1.0.0),1,1,9,TOT,TOT,10,8,M,2016-12,443,NUM,0,,
ABS:BA_GCCSA(1.0.0),1,1,9,TOT,TOT,10,8,M,2017-01,168,NUM,0,,
ABS:BA_GCCSA(1.0.0),1,1,9,TOT,TOT,10,8,M,2017-02,345,NUM,0,,
ABS:BA_GCCSA(1.0.0),1,1,9,TOT,TOT,10,8,M,2017-03,409,NUM,0,,
ABS:BA_GCCSA(1.0.0),1,1,9,TOT,TOT,10,8,M,2017-04,300,NUM,0,,
ABS:BA_GCCSA(1.0.0),1,1,9,TOT,TOT,10,8,M,2017-05,354,NUM,0,,
ABS:BA_GCCSA(1.0.0),1,1,9,TOT,TOT,10,8,M,2017-06,553,NUM,0,,
ABS:BA_GCCSA(1.0.0),1,1,9,TOT,TOT,10,8,M,2017-07,455,NUM,0,,
ABS:BA_GCCSA(1.0.0),1,1,9,TOT,TOT,10,8,M,2017-08,697,NUM,0,,
ABS:BA_GCCSA(1.0.0),1,1,9,TOT,TOT,10,8,M,2017-09,559,NUM,0,,
ABS:BA_GCCSA(1.0.0),1,1,9,TOT,TOT,10,8,M,2017-10,190,NUM,0,,
ABS:BA_GCCSA(1.0.0),1,1,9,TOT,TOT,10,8,M,2017-11,166,NUM,0,,
ABS:BA_GCCSA(1.0.0),1,1,9,TOT,TOT,10,8,M,2017-12,150,NUM,0,,
ABS:BA_GCCSA(1.0.0),1,1,9,TOT,TOT,10,8,M,2018-01,166,NUM,0,,
ABS:BA_GCCSA(1.0.0),1,1,9,TOT,TOT,10,8,M,2018-02,402,NUM,0,,
ABS:BA_GCCSA(1.0.0),1,1,9,TOT,TOT,10,8,M,2018-03,1295,NUM,0,,
ABS:BA_GCCSA(1.0.0),1,1,9,TOT,TOT,10,8,M,2018-04,250,NUM,0,,
ABS:BA_GCCSA(1.0.0),1,1,9,TOT,TOT,10,8,M,2018-05,351,NUM,0,,
ABS:BA_GCCSA(1.0.0),1,1,9,TOT,TOT,10,8,M,2018-06,981,NUM,0,,
ABS:BA_GCCSA(1.0.0),1,1,9,TOT,TOT,10,8,M,2018-07,1296,NUM,0,,
ABS:BA_GCCSA(1.0.0),1,1,9,TOT,TOT,10,8,M,2018-08,449,NUM,0,,
ABS:BA_GCCSA(1.0.0),1,1,9,TOT,TOT,10,8,M,2018-09,497,NUM,0,,
ABS:BA_GCCSA(1.0.0),1,1,9,TOT,TOT,10,8,M,2018-10,652,NUM,0,,
ABS:BA_GCCSA(1.0.0),1,1,9,TOT,TOT,10,8,M,2018-11,562,NUM,0,,
ABS:BA_GCCSA(1.0.0),1,1,9,TOT,TOT,10,8,M,2018-12,259,NUM,0,,
ABS:BA_GCCSA(1.0.0),1,1,9,TOT,TOT,10,8,M,2019-01,304,NUM,0,,
ABS:BA_GCCSA(1.0.0),1,1,9,TOT,TOT,10,8,M,2019-02,259,NUM,0,,
ABS:BA_GCCSA(1.0.0),1,1,9,TOT,TOT,10,8,M,2019-03,795,NUM,0,,
ABS:BA_GCCSA(1.0.0),1,1,9,TOT,TOT,10,8,M,2019-04,678,NUM,0,,
ABS:BA_GCCSA(1.0.0),1,1,9,TOT,TOT,10,8,M,2019-05,190,NUM,0,,
ABS:BA_GCCSA(1.0.0),1,1,9,TOT,TOT,10,8,M,2019-06,239,NUM,0,,
ABS:BA_GCCSA(1.0.0),1,1,9,TOT,TOT,10,8,M,2019-07,166,NUM,0,,
ABS:BA_GCCSA(1.0.0),1,1,9,TOT,TOT,10,8,M,2019-08,248,NUM,0,,
ABS:BA_GCCSA(1.0.0),1,1,9,TOT,TOT,10,8,M,2019-09,982,NUM,0,,
ABS:BA_GCCSA(1.0.0),1,1,9,TOT,TOT,10,8,M,2019-10,213,NUM,0,,
ABS:BA_GCCSA(1.0.0),1,1,9,TOT,TOT,10,8,M,2019-11,208,NUM,0,,
ABS:BA_GCCSA(1.0.0),1,1,9,TOT,TOT,10,8,M,2019-12,714,NUM,0,,
ABS:BA_GCCSA(1.0.0),1,1,9,TOT,TOT,10,8,M,2020-01,436,NUM,0,,
ABS:BA_GCCSA(1.0.0),1,1,9,TOT,TOT,10,8,M,2020-02,198,NUM,0,,
ABS:BA_GCCSA(1.0.0),1,1,9,TOT,TOT,10,8,M,2020-03,342,NUM,0,,
ABS:BA_GCCSA(1.0.0),1,1,9,TOT,TOT,10,8,M,2020-04,907,NUM,0,,
ABS:BA_GCCSA(1.0.0),1,1,9,TOT,TOT,10,8,M,2020-05,131,NUM,0,,
ABS:BA_GCCSA(1.0.0),1,1,9,TOT,TOT,10,8,M,2020-06,383,NUM,0,,
ABS:BA_GCCSA(1.0.0),1,1,9,TOT,TOT,10,8,M,2020-07,518,NUM,0,,
ABS:BA_GCCSA(1.0.0),1,1,9,TOT,TOT,10,8,M,2020-08,344,NUM,0,,
ABS:BA_GCCSA(1.0.0),1,1,9,TOT,TOT,10,8,M,2020-09,278,NUM,0,,
ABS:BA_GCCSA(1.0.0),1,1,9,TOT,TOT,10,8,M,2020-10,418,NUM,0,,
ABS:BA_GCCSA(1.0.0),1,1,9,TOT,TOT,10,8,M,2020-11,533,NUM,0,,
ABS:BA_GCCSA(1.0.0),1,1,9,TOT,TOT,10,8,M,2020-12,489,NUM,0,,
ABS:BA_GCCSA(1.0.0),1,1,9,TOT,TOT,10,8,M,2021-01,251,NUM,0,,
ABS:BA_GCCSA(1.0.0),1,1,9,TOT,TOT,10,8,M,2021-02,405,NUM,0,,
ABS:BA_GCCSA(1.0.0),1,1,9,TOT,TOT,10,8,M,2021-03,892,NUM,0,,
ABS:BA_GCCSA(1.0.0),1,1,9,TOT,TOT,10,8,M,2021-04,313,NUM,0,,
ABS:BA_GCCSA(1.0.0),1,1,9,TOT,TOT,10,8,M,2021-05,249,NUM,0,,
ABS:BA_GCCSA(1.0.0),1,1,9,TOT,TOT,10,8,M,2021-06,327,NUM,0,,
ABS:BA_GCCSA(1.0.0),1,1,9,TOT,TOT,10,8,M,2021-07,183,NUM,0,,
ABS:BA_GCCSA(1.0.0),1,1,9,TOT,TOT,10,8,M,2021-08,324,NUM,0,,
ABS:BA_GCCSA(1.0.0),1,1,9,TOT,TOT,10,8,M,2021-09,741,NUM,0,,
ABS:BA_GCCSA(1.0.0),1,1,9,TOT,TOT,10,8,M,2021-10,376,NUM,0,,
ABS:BA_GCCSA(1.0.0),1,1,9,TOT,TOT,10,8,M,2021-11,475,NUM,0,,
ABS:BA_GCCSA(1.0.0),1,1,9,TOT,TOT,10,8,M,2021-12,1065,NUM,0,,
ABS:BA_GCCSA(1.0.0),1,1,9,TOT,TOT,10,8,M,2022-01,86,NUM,0,,
ABS:BA_GCCSA(1.0.0),1,1,9,TOT,TOT,10,8,M,2022-02,551,NUM,0,,
ABS:BA_GCCSA(1.0.0),1,1,9,TOT,TOT,10,8,M,2022-03,872,NUM,0,,
ABS:BA_GCCSA(1.0.0),1,1,9,TOT,TOT,10,8,M,2022-04,118,NUM,0,,
ABS:BA_GCCSA(1.0.0),1,1,9,TOT,TOT,10,8,M,2022-05,871,NUM,0,,
ABS:BA_GCCSA(1.0.0),1,1,9,TOT,TOT,10,8,M,2022-06,533,NUM,0,,
ABS:BA_GCCSA(1.0.0),1,1,9,TOT,TOT,10,8,M,2022-07,249,NUM,0,,
ABS:BA_GCCSA(1.0.0),1,1,9,TOT,TOT,10,8,M,2022-08,266,NUM,0,,
ABS:BA_GCCSA(1.0.0),1,1,9,TOT,TOT,10,8,M,2022-09,459,NUM,0,,
ABS:BA_GCCSA(1.0.0),1,1,9,TOT,TOT,10,8,M,2022-10,294,NUM,0,,
ABS:BA_GCCSA(1.0.0),1,1,9,TOT,TOT,10,8,M,2022-11,648,NUM,0,,
ABS:BA_GCCSA(1.0.0),1,1,9,TOT,TOT,10,8,M,2022-12,620,NUM,0,,
ABS:BA_GCCSA(1.0.0),1,1,9,TOT,TOT,10,8,M,2023-01,262,NUM,0,,
ABS:BA_GCCSA(1.0.0),1,1,9,TOT,TOT,10,8,M,2023-02,217,NUM,0,,
ABS:BA_GCCSA(1.0.0),1,1,9,TOT,TOT,10,8,M,2023-03,363,NUM,0,,
ABS:BA_GCCSA(1.0.0),1,1,9,TOT,TOT,10,8,M,2023-04,197,NUM,0,,
ABS:BA_GCCSA(1.0.0),1,1,9,TOT,TOT,10,8,M,2023-05,89,NUM,0,,
ABS:BA_GCCSA(1.0.0),1,1,9,TOT,TOT,10,8,M,2023-06,193,NUM,0,,
ABS:BA_GCCSA(1.0.0),1,1,9,TOT,TOT,10,8,M,2023-07,341,NUM,0,,
ABS:BA_GCCSA(1.0.0),1,1,9,TOT,TOT,10,8,M,2023-08,553,NUM,0,,
ABS:BA_GCCSA(1.0.0),1,1,9,TOT,TOT,10,8,M,2023-09,97,NUM,0,,
ABS:BA_GCCSA(1.0.0),1,1,9,TOT,TOT,10,8,M,2023-10,532,NUM,0,,
ABS:BA_GCCSA(1.0.0),1,1,9,TOT,TOT,10,8,M,2023-11,1193,NUM,0,,
ABS:BA_GCCSA(1.0.0),1,1,9,TOT,TOT,10,8,M,2023-12,458,NUM,0,,
ABS:BA_GCCSA(1.0.0),1,1,9,TOT,TOT,10,8,M,2024-01,252,NUM,0,,
ABS:BA_GCCSA(1.0.0),1,1,9,TOT,TOT,10,8,M,2024-02,48,NUM,0,,
ABS:BA_GCCSA(1.0.0),1,1,9,TOT,TOT,10,8,M,2024-03,423,NUM,0,,
ABS:BA_GCCSA(1.0.0),1,1,9,TOT,TOT,10,8,M,2024-04,341,NUM,0,,
ABS:BA_GCCSA(1.0.0),1,1,9,TOT,TOT,10,8,M,2024-05,99,NUM,0,,
ABS:BA_GCCSA(1.0.0),1,1,9,TOT,TOT,10,8,M,2024-06,212,NUM,0,,
ABS:BA_GCCSA(1.0.0),1,1,9,TOT,TOT,10,8,M,2024-07,71,NUM,0,,
ABS:BA_GCCSA(1.0.0),1,1,9,TOT,TOT,10,8,M,2024-08,79,NUM,0,,
ABS:BA_GCCSA(1.0.0),1,1,9,TOT,TOT,10,8,M,2024-09,199,NUM,0,,
ABS:BA_GCCSA(1.0.0),1,1,9,TOT,TOT,10,8,M,2024-10,134,NUM,0,,
ABS:BA_GCCSA(1.0.0),1,1,9,TOT,TOT,10,8,M,2024-11,118,NUM,0,,
ABS:BA_GCCSA(1.0.0),1,1,9,TOT,TOT,10,8,M,2024-12,203,NUM,0,,
ABS:BA_GCCSA(1.0.0),1,1,9,TOT,TOT,10,8,M,2025-01,77,NUM,0,,
ABS:BA_GCCSA(1.0.0),1,1,9,TOT,TOT,10,8,M,2025-02,284,NUM,0,,
ABS:BA_GCCSA(1.0.0),1,1,9,TOT,TOT,10,8,M,2025-03,682,NUM,0,,
ABS:BA_GCCSA(1.0.0),1,1,9,TOT,TOT,10,8,M,2025-04,84,NUM,0,,
ABS:BA_GCCSA(1.0.0),1,1,9,TOT,TOT,10,8,M,2025-05,108,NUM,0,,
ABS:BA_GCCSA(1.0.0),1,1,9,TOT,TOT,10,8,M,2025-06,792,NUM,0,,
ABS:BA_GCCSA(1.0.0),1,1,9,TOT,TOT,10,8,M,2025-07,219,NUM,0,,
ABS:BA_GCCSA(1.0.0),1,1,9,TOT,TOT,10,8,M,2025-08,572,NUM,0,,
ABS:BA_GCCSA(1.0.0),1,1,9,TOT,TOT,10,8,M,2025-09,91,NUM,0,,
ABS:BA_GCCSA(1.0.0),1,1,9,TOT,TOT,10,8,M,2025-10,668,NUM,0,,
ABS:BA_GCCSA(1.0.0),1,1,9,TOT,TOT,10,8,M,2025-11,197,NUM,0,,
ABS:BA_GCCSA(1.0.0),1,1,9,TOT,TOT,10,8,M,2025-12,579,NUM,0,,
ABS:BA_GCCSA(1.0.0),1,1,9,TOT,TOT,10,8,M,2026-01,76,NUM,0,,
ABS:BA_GCCSA(1.0.0),1,1,9,TOT,TOT,10,4,M,2010-01,932,NUM,0,,
ABS:BA_GCCSA(1.0.0),1,1,9,TOT,TOT,10,4,M,2010-02,918,NUM,0,,
ABS:BA_GCCSA(1.0.0),1,1,9,TOT,TOT,10,4,M,2010-03,1305,NUM,0,,
ABS:BA_GCCSA(1.0.0),1,1,9,TOT,TOT,10,4,M,2010-04,957,NUM,0,,
ABS:BA_GCCSA(1.0.0),1,1,9,TOT,TOT,10,4,M,2010-05,1433,NUM,0,,
ABS:BA_GCCSA(1.0.0),1,1,9,TOT,TOT,10,4,M,2010-06,1045,NUM,0,,
ABS:BA_GCCSA(1.0.0),1,1,9,TOT,TOT,10,4,M,2010-07,1164,NUM,0,,
ABS:BA_GCCSA(1.0.0),1,1,9,TOT,TOT,10,4,M,2010-08,1434,NUM,0,,
ABS:BA_GCCSA(1.0.0),1,1,9,TOT,TOT,10,4,M,2010-09,1020,NUM,0,,
ABS:BA_GCCSA(1.0.0),1,1,9,TOT,TOT,10,4,M,2010-10,898,NUM,0,,
ABS:BA_GCCSA(1.0.0),1,1,9,TOT,TOT,10,4,M,2010-11,1044,NUM,0,,
ABS:BA_GCCSA(1.0.0),1,1,9,TOT,TOT,10,4,M,2010-12,874,NUM,0,,
ABS:BA_GCCSA(1.0.0),1,1,9,TOT,TOT,10,4,M,2011-01,555,NUM,0,,
ABS:BA_GCCSA(1.0.0),1,1,9,TOT,TOT,10,4,M,2011-02,1027,NUM,0,,
ABS:BA_GCCSA(1.0.0),1,1,9,TOT,TOT,10,4,M,2011-03,939,NUM,0,,
ABS:BA_GCCSA(1.0.0),1,1,9,TOT,TOT,10,4,M,2011-04,822,NUM,0,,
ABS:BA_GCCSA(1.0.0),1,1,9,TOT,TOT,10,4,M,2011-05,1088,NUM,0,,
ABS:BA_GCCSA(1.0.0),1,1,9,TOT,TOT,10,4,M,2011-06,971,NUM,0,,
ABS:BA_GCCSA(1.0.0),1,1,9,TOT,TOT,10,4,M,2011-07,830,NUM,0,,
ABS:BA_GCCSA(1.0.0),1,1,9,TOT,TOT,10,4,M,2011-08,821,NUM,0,,
ABS:BA_GCCSA(1.0.0),1,1,9,TOT,TOT,10,4,M,2011-09,879,NUM,0,,
ABS:BA_GCCSA(1.0.0),1,1,9,TOT,TOT,10,4,M,2011-10,761,NUM,0,,
ABS:BA_GCCSA(1.0.0),1,1,9,TOT,TOT,10,4,M,2011-11,789,NUM,0,,
ABS:BA_GCCSA(1.0.0),1,1,9,TOT,TOT,10,4,M,2011-12,576,NUM,0,,
ABS:BA_GCCSA(1.0.0),1,1,9,TOT,TOT,10,4,M,2012-01,550,NUM,0,,
ABS:BA_GCCSA(1.0.0),1,1,9,TOT,TOT,10,4,M,2012-02,743,NUM,0,,
ABS:BA_GCCSA(1.0.0),1,1,9,TOT,TOT,10,4,M,2012-03,800,NUM,0,,
ABS:BA_GCCSA(1.0.0),1,1,9,TOT,TOT,10,4,M,2012-04,501,NUM,0,,
ABS:BA_GCCSA(1.0.0),1,1,9,TOT,TOT,10,4,M,2012-05,739,NUM,0,,
ABS:BA_GCCSA(1.0.0),1,1,9,TOT,TOT,10,4,M,2012-06,637,NUM,0,,
ABS:BA_GCCSA(1.0.0),1,1,9,TOT,TOT,10,4,M,2012-07,682,NUM,0,,
ABS:BA_GCCSA(1.0.0),1,1,9,TOT,TOT,10,4,M,2012-08,721,NUM,0,,
ABS:BA_GCCSA(1.0.0),1,1,9,TOT,TOT,10,4,M,2012-09,682,NUM,0,,
ABS:BA_GCCSA(1.0.0),1,1,9,TOT,TOT,10,4,M,2012-10,904,NUM,0,,
ABS:BA_GCCSA(1.0.0),1,1,9,TOT,TOT,10,4,M,2012-11,782,NUM,0,,
ABS:BA_GCCSA(1.0.0),1,1,9,TOT,TOT,10,4,M,2012-12,634,NUM,0,,
ABS:BA_GCCSA(1.0.0),1,1,9,TOT,TOT,10,4,M,2013-01,568,NUM,0,,
ABS:BA_GCCSA(1.0.0),1,1,9,TOT,TOT,10,4,M,2013-02,895,NUM,0,,
ABS:BA_GCCSA(1.0.0),1,1,9,TOT,TOT,10,4,M,2013-03,625,NUM,0,,
ABS:BA_GCCSA(1.0.0),1,1,9,TOT,TOT,10,4,M,2013-04,725,NUM,0,,
ABS:BA_GCCSA(1.0.0),1,1,9,TOT,TOT,10,4,M,2013-05,1066,NUM,0,,
ABS:BA_GCCSA(1.0.0),1,1,9,TOT,TOT,10,4,M,2013-06,782,NUM,0,,
ABS:BA_GCCSA(1.0.0),1,1,9,TOT,TOT,10,4,M,2013-07,1008,NUM,0,,
ABS:BA_GCCSA(1.0.0),1,1,9,TOT,TOT,10,4,M,2013-08,909,NUM,0,,
ABS:BA_GCCSA(1.0.0),1,1,9,TOT,TOT,10,4,M,2013-09,932,NUM,0,,
ABS:BA_GCCSA(1.0.0),1,1,9,TOT,TOT,10,4,M,2013-10,1000,NUM,0,,
ABS:BA_GCCSA(1.0.0),1,1,9,TOT,TOT,10,4,M,2013-11,1198,NUM,0,,
ABS:BA_GCCSA(1.0.0),1,1,9,TOT,TOT,10,4,M,2013-12,944,NUM,0,,
ABS:BA_GCCSA(1.0.0),1,1,9,TOT,TOT,10,4,M,2014-01,931,NUM,0,,
ABS:BA_GCCSA(1.0.0),1,1,9,TOT,TOT,10,4,M,2014-02,907,NUM,0,,
ABS:BA_GCCSA(1.0.0),1,1,9,TOT,TOT,10,4,M,2014-03,853,NUM,0,,
ABS:BA_GCCSA(1.0.0),1,1,9,TOT,TOT,10,4,M,2014-04,974,NUM,0,,
ABS:BA_GCCSA(1.0.0),1,1,9,TOT,TOT,10,4,M,2014-05,1088,NUM,0,,
ABS:BA_GCCSA(1.0.0),1,1,9,TOT,TOT,10,4,M,2014-06,907,NUM,0,,
ABS:BA_GCCSA(1.0.0),1,1,9,TOT,TOT,10,4,M,2014-07,1035,NUM,0,,
ABS:BA_GCCSA(1.0.0),1,1,9,TOT,TOT,10,4,M,2014-08,986,NUM,0,,
ABS:BA_GCCSA(1.0.0),1,1,9,TOT,TOT,10,4,M,2014-09,1125,NUM,0,,
ABS:BA_GCCSA(1.0.0),1,1,9,TOT,TOT,10,4,M,2014-10,1140,NUM,0,,
ABS:BA_GCCSA(1.0.0),1,1,9,TOT,TOT,10,4,M,2014-11,818,NUM,0,,
ABS:BA_GCCSA(1.0.0),1,1,9,TOT,TOT,10,4,M,2014-12,1014,NUM,0,,
ABS:BA_GCCSA(1.0.0),1,1,9,TOT,TOT,10,4,M,2015-01,1026,NUM,0,,
ABS:BA_GCCSA(1.0.0),1,1,9,TOT,TOT,10,4,M,2015-02,719,NUM,0,,
ABS:BA_GCCSA(1.0.0),1,1,9,TOT,TOT,10,4,M,2015-03,985,NUM,0,,
ABS:BA_GCCSA(1.0.0),1,1,9,TOT,TOT,10,4,M,2015-04,816,NUM,0,,
ABS:BA_GCCSA(1.0.0),1,1,9,TOT,TOT,10,4,M,2015-05,818,NUM,0,,
ABS:BA_GCCSA(1.0.0),1,1,9,TOT,TOT,10,4,M,2015-06,918,NUM,0,,
ABS:BA_GCCSA(1.0.0),1,1,9,TOT,TOT,10,4,M,2015-07,891,NUM,0,,
ABS:BA_GCCSA(1.0.0),1,1,9,TOT,TOT,10,4,M,2015-08,1029,NUM,0,,
ABS:BA_GCCSA(1.0.0),1,1,9,TOT,TOT,10,4,M,2015-09,1010,NUM,0,,
ABS:BA_GCCSA(1.0.0),1,1,9,TOT,TOT,10,4,M,2015-10,1265,NUM,0,,
ABS:BA_GCCSA(1.0.0),1,1,9,TOT,TOT,10,4,M,2015-11,1004,NUM,0,,
ABS:BA_GCCSA(1.0.0),1,1,9,TOT,TOT,10,4,M,2015-12,889,NUM,0,,
ABS:BA_GCCSA(1.0.0),1,1,9,TOT,TOT,10,4,M,2016-01,870,NUM,0,,
ABS:BA_GCCSA(1.0.0),1,1,9,TOT,TOT,10,4,M,2016-02,933,NUM,0,,
ABS:BA_GCCSA(1.0.0),1,1,9,TOT,TOT,10,4,M,2016-03,1318,NUM,0,,
ABS:BA_GCCSA(1.0.0),1,1,9,TOT,TOT,10,4,M,2016-04,1090,NUM,0,,
ABS:BA_GCCSA(1.0.0),1,1,9,TOT,TOT,10,4,M,2016-05,1113,NUM,0,,
ABS:BA_GCCSA(1.0.0),1,1,9,TOT,TOT,10,4,M,2016-06,1179,NUM,0,,
ABS:BA_GCCSA(1.0.0),1,1,9,TOT,TOT,10,4,M,2016-07,868,NUM,0,,
ABS:BA_GCCSA(1.0.0),1,1,9,TOT,TOT,10,4,M,2016-08,925,NUM,0,,
ABS:BA_GCCSA(1.0.0),1,1,9,TOT,TOT,10,4,M,2016-09,985,NUM,0,,
ABS:BA_GCCSA(1.0.0),1,1,9,TOT,TOT,10,4,M,2016-10,877,NUM,0,,
ABS:BA_GCCSA(1.0.0),1,1,9,TOT,TOT,10,4,M,2016-11,1163,NUM,0,,
ABS:BA_GCCSA(1.0.0),1,1,9,TOT,TOT,10,4,M,2016-12,792,NUM,0,,
ABS:BA_GCCSA(1.0.0),1,1,9,TOT,TOT,10,4,M,2017-01,750,NUM,0,,
ABS:BA_GCCSA(1.0.0),1,1,9,TOT,TOT,10,4,M,2017-02,754,NUM,0,,
ABS:BA_GCCSA(1.0.0),1,1,9,TOT,TOT,10,4,M,2017-03,982,NUM,0,,
ABS:BA_GCCSA(1.0.0),1,1,9,TOT,TOT,10,4,M,2017-04,910,NUM,0,,
ABS:BA_GCCSA(1.0.0),1,1,9,TOT,TOT,10,4,M,2017-05,1449,NUM,0,,
ABS:BA_GCCSA(1.0.0),1,1,9,TOT,TOT,10,4,M,2017-06,1041,NUM,0,,
ABS:BA_GCCSA(1.0.0),1,1,9,TOT,TOT,10,4,M,2017-07,975,NUM,0,,
ABS:BA_GCCSA(1.0.0),1,1,9,TOT,TOT,10,4,M,2017-08,1128,NUM,0,,
ABS:BA_GCCSA(1.0.0),1,1,9,TOT,TOT,10,4,M,2017-09,1248,NUM,0,,
ABS:BA_GCCSA(1.0.0),1,1,9,TOT,TOT,10,4,M,2017-10,1155,NUM,0,,
ABS:BA_GCCSA(1.0.0),1,1,9,TOT,TOT,10,4,M,2017-11,1075,NUM,0,,
ABS:BA_GCCSA(1.0.0),1,1,9,TOT,TOT,10,4,M,2017-12,795,NUM,0,,
ABS:BA_GCCSA(1.0.0),1,1,9,TOT,TOT,10,4,M,2018-01,679,NUM,0,,
ABS:BA_GCCSA(1.0.0),1,1,9,TOT,TOT,10,4,M,2018-02,895,NUM,0,,
ABS:BA_GCCSA(1.0.0),1,1,9,TOT,TOT,10,4,M,2018-03,1059,NUM,0,,
ABS:BA_GCCSA(1.0.0),1,1,9,TOT,TOT,10,4,M,2018-04,960,NUM,0,,
ABS:BA_GCCSA(1.0.0),1,1,9,TOT,TOT,10,4,M,2018-05,1618,NUM,0,,
ABS:BA_GCCSA(1.0.0),1,1,9,TOT,TOT,10,4,M,2018-06,1174,NUM,0,,
ABS:BA_GCCSA(1.0.0),1,1,9,TOT,TOT,10,4,M,2018-07,940,NUM,0,,
ABS:BA_GCCSA(1.0.0),1,1,9,TOT,TOT,10,4,M,2018-08,1026,NUM,0,,
ABS:BA_GCCSA(1.0.0),1,1,9,TOT,TOT,10,4,M,2018-09,896,NUM,0,,
ABS:BA_GCCSA(1.0.0),1,1,9,TOT,TOT,10,4,M,2018-10,885,NUM,0,,
ABS:BA_GCCSA(1.0.0),1,1,9,TOT,TOT,10,4,M,2018-11,896,NUM,0,,
ABS:BA_GCCSA(1.0.0),1,1,9,TOT,TOT,10,4,M,2018-12,800,NUM,0,,
ABS:BA_GCCSA(1.0.0),1,1,9,TOT,TOT,10,4,M,2019-01,692,NUM,0,,
ABS:BA_GCCSA(1.0.0),1,1,9,TOT,TOT,10,4,M,2019-02,894,NUM,0,,
ABS:BA_GCCSA(1.0.0),1,1,9,TOT,TOT,10,4,M,2019-03,934,NUM,0,,
ABS:BA_GCCSA(1.0.0),1,1,9,TOT,TOT,10,4,M,2019-04,888,NUM,0,,
ABS:BA_GCCSA(1.0.0),1,1,9,TOT,TOT,10,4,M,2019-05,996,NUM,0,,
ABS:BA_GCCSA(1.0.0),1,1,9,TOT,TOT,10,4,M,2019-06,915,NUM,0,,
ABS:BA_GCCSA(1.0.0),1,1,9,TOT,TOT,10,4,M,2019-07,1240,NUM,0,,
ABS:BA_GCCSA(1.0.0),1,1,9,TOT,TOT,10,4,M,2019-08,912,NUM,0,,
ABS:BA_GCCSA(1.0.0),1,1,9,TOT,TOT,10,4,M,2019-09,970,NUM,0,,
ABS:BA_GCCSA(1.0.0),1,1,9,TOT,TOT,10,4,M,2019-10,1149,NUM,0,,
ABS:BA_GCCSA(1.0.0),1,1,9,TOT,TOT,10,4,M,2019-11,1175,NUM,0,,
ABS:BA_GCCSA(1.0.0),1,1,9,TOT,TOT,10,4,M,2019-12,850,NUM,0,,
ABS:BA_GCCSA(1.0.0),1,1,9,TOT,TOT,10,4,M,2020-01,656,NUM,0,,
ABS:BA_GCCSA(1.0.0),1,1,9,TOT,TOT,10,4,M,2020-02,931,NUM,0,,
ABS:BA_GCCSA(1.0.0),1,1,9,TOT,TOT,10,4,M,2020-03,869,NUM,0,,
ABS:BA_GCCSA(1.0.0),1,1,9,TOT,TOT,10,4,M,2020-04,1020,NUM,0,,
ABS:BA_GCCSA(1.0.0),1,1,9,TOT,TOT,10,4,M,2020-05,1008,NUM,0,,
ABS:BA_GCCSA(1.0.0),1,1,9,TOT,TOT,10,4,M,2020-06,954,NUM,0,,
ABS:BA_GCCSA(1.0.0),1,1,9,TOT,TOT,10,4,M,2020-07,833,NUM,0,,
ABS:BA_GCCSA(1.0.0),1,1,9,TOT,TOT,10,4,M,2020-08,835,NUM,0,,
ABS:BA_GCCSA(1.0.0),1,1,9,TOT,TOT,10,4,M,2020-09,989,NUM,0,,
ABS:BA_GCCSA(1.0.0),1,1,9,TOT,TOT,10,4,M,2020-10,951,NUM,0,,
ABS:BA_GCCSA(1.0.0),1,1,9,TOT,TOT,10,4,M,2020-11,1215,NUM,0,,
ABS:BA_GCCSA(1.0.0),1,1,9,TOT,TOT,10,4,M,2020-12,1204,NUM,0,,
ABS:BA_GCCSA(1.0.0),1,1,9,TOT,TOT,10,4,M,2021-01,1107,NUM,0,,
ABS:BA_GCCSA(1.0.0),1,1,9,TOT,TOT,10,4,M,2021-02,1387,NUM,0,,
ABS:BA_GCCSA(1.0.0),1,1,9,TOT,TOT,10,4,M,2021-03,1571,NUM,0,,
ABS:BA_GCCSA(1.0.0),1,1,9,TOT,TOT,10,4,M,2021-04,1127,NUM,0,,
ABS:BA_GCCSA(1.0.0),1,1,9,TOT,TOT,10,4,M,2021-05,1403,NUM,0,,
ABS:BA_GCCSA(1.0.0),1,1,9,TOT,TOT,10,4,M,2021-06,1456,NUM,0,,
ABS:BA_GCCSA(1.0.0),1,1,9,TOT,TOT,10,4,M,2021-07,1158,NUM,0,,
ABS:BA_GCCSA(1.0.0),1,1,9,TOT,TOT,10,4,M,2021-08,1240,NUM,0,,
ABS:BA_GCCSA(1.0.0),1,1,9,TOT,TOT,10,4,M,2021-09,1098,NUM,0,,
ABS:BA_GCCSA(1.0.0),1,1,9,TOT,TOT,10,4,M,2021-10,929,NUM,0,,
ABS:BA_GCCSA(1.0.0),1,1,9,TOT,TOT,10,4,M,2021-11,1257,NUM,0,,
ABS:BA_GCCSA(1.0.0),1,1,9,TOT,TOT,10,4,M,2021-12,1082,NUM,0,,
ABS:BA_GCCSA(1.0.0),1,1,9,TOT,TOT,10,4,M,2022-01,597,NUM,0,,
ABS:BA_GCCSA(1.0.0),1,1,9,TOT,TOT,10,4,M,2022-02,1108,NUM,0,,
ABS:BA_GCCSA(1.0.0),1,1,9,TOT,TOT,10,4,M,2022-03,978,NUM,0,,
ABS:BA_GCCSA(1.0.0),1,1,9,TOT,TOT,10,4,M,2022-04,1260,NUM,0,,
ABS:BA_GCCSA(1.0.0),1,1,9,TOT,TOT,10,4,M,2022-05,1137,NUM,0,,
ABS:BA_GCCSA(1.0.0),1,1,9,TOT,TOT,10,4,M,2022-06,957,NUM,0,,
ABS:BA_GCCSA(1.0.0),1,1,9,TOT,TOT,10,4,M,2022-07,1142,NUM,0,,
ABS:BA_GCCSA(1.0.0),1,1,9,TOT,TOT,10,4,M,2022-08,1252,NUM,0,,
ABS:BA_GCCSA(1.0.0),1,1,9,TOT,TOT,10,4,M,2022-09,967,NUM,0,,
ABS:BA_GCCSA(1.0.0),1,1,9,TOT,TOT,10,4,M,2022-10,1135,NUM,0,,
ABS:BA_GCCSA(1.0.0),1,1,9,TOT,TOT,10,4,M,2022-11,1373,NUM,0,,
ABS:BA_GCCSA(1.0.0),1,1,9,TOT,TOT,10,4,M,2022-12,841,NUM,0,,
ABS:BA_GCCSA(1.0.0),1,1,9,TOT,TOT,10,4,M,2023-01,665,NUM,0,,
ABS:BA_GCCSA(1.0.0),1,1,9,TOT,TOT,10,4,M,2023-02,1058,NUM,0,,
ABS:BA_GCCSA(1.0.0),1,1,9,TOT,TOT,10,4,M,2023-03,913,NUM,0,,
ABS:BA_GCCSA(1.0.0),1,1,9,TOT,TOT,10,4,M,2023-04,1041,NUM,0,,
ABS:BA_GCCSA(1.0.0),1,1,9,TOT,TOT,10,4,M,2023-05,1102,NUM,0,,
ABS:BA_GCCSA(1.0.0),1,1,9,TOT,TOT,10,4,M,2023-06,1043,NUM,0,,
ABS:BA_GCCSA(1.0.0),1,1,9,TOT,TOT,10,4,M,2023-07,982,NUM,0,,
ABS:BA_GCCSA(1.0.0),1,1,9,TOT,TOT,10,4,M,2023-08,992,NUM,0,,
ABS:BA_GCCSA(1.0.0),1,1,9,TOT,TOT,10,4,M,2023-09,996,NUM,0,,
ABS:BA_GCCSA(1.0.0),1,1,9,TOT,TOT,10,4,M,2023-10,1007,NUM,0,,
ABS:BA_GCCSA(1.0.0),1,1,9,TOT,TOT,10,4,M,2023-11,1076,NUM,0,,
ABS:BA_GCCSA(1.0.0),1,1,9,TOT,TOT,10,4,M,2023-12,738,NUM,0,,
ABS:BA_GCCSA(1.0.0),1,1,9,TOT,TOT,10,4,M,2024-01,624,NUM,0,,
ABS:BA_GCCSA(1.0.0),1,1,9,TOT,TOT,10,4,M,2024-02,904,NUM,0,,
ABS:BA_GCCSA(1.0.0),1,1,9,TOT,TOT,10,4,M,2024-03,851,NUM,0,,
ABS:BA_GCCSA(1.0.0),1,1,9,TOT,TOT,10,4,M,2024-04,1026,NUM,0,,
ABS:BA_GCCSA(1.0.0),1,1,9,TOT,TOT,10,4,M,2024-05,1061,NUM,0,,
ABS:BA_GCCSA(1.0.0),1,1,9,TOT,TOT,10,4,M,2024-06,1038,NUM,0,,
ABS:BA_GCCSA(1.0.0),1,1,9,TOT,TOT,10,4,M,2024-07,1260,NUM,0,,
ABS:BA_GCCSA(1.0.0),1,1,9,TOT,TOT,10,4,M,2024-08,1097,NUM,0,,
ABS:BA_GCCSA(1.0.0),1,1,9,TOT,TOT,10,4,M,2024-09,1143,NUM,0,,
ABS:BA_GCCSA(1.0.0),1,1,9,TOT,TOT,10,4,M,2024-10,1238,NUM,0,,
ABS:BA_GCCSA(1.0.0),1,1,9,TOT,TOT,10,4,M,2024-11,1270,NUM,0,,
ABS:BA_GCCSA(1.0.0),1,1,9,TOT,TOT,10,4,M,2024-12,1039,NUM,0,,
ABS:BA_GCCSA(1.0.0),1,1,9,TOT,TOT,10,4,M,2025-01,1081,NUM,0,,
ABS:BA_GCCSA(1.0.0),1,1,9,TOT,TOT,10,4,M,2025-02,1286,NUM,0,,
ABS:BA_GCCSA(1.0.0),1,1,9,TOT,TOT,10,4,M,2025-03,1207,NUM,0,,
ABS:BA_GCCSA(1.0.0),1,1,9,TOT,TOT,10,4,M,2025-04,1290,NUM,0,,
ABS:BA_GCCSA(1.0.0),1,1,9,TOT,TOT,10,4,M,2025-05,1311,NUM,0,,
ABS:BA_GCCSA(1.0.0),1,1,9,TOT,TOT,10,4,M,2025-06,1293,NUM,0,,
ABS:BA_GCCSA(1.0.0),1,1,9,TOT,TOT,10,4,M,2025-07,1294,NUM,0,,
ABS:BA_GCCSA(1.0.0),1,1,9,TOT,TOT,10,4,M,2025-08,1119,NUM,0,,
ABS:BA_GCCSA(1.0.0),1,1,9,TOT,TOT,10,4,M,2025-09,1243,NUM,0,,
ABS:BA_GCCSA(1.0.0),1,1,9,TOT,TOT,10,4,M,2025-10,1342,NUM,0,,
ABS:BA_GCCSA(1.0.0),1,1,9,TOT,TOT,10,4,M,2025-11,1362,NUM,0,,
ABS:BA_GCCSA(1.0.0),1,1,9,TOT,TOT,10,4,M,2025-12,1228,NUM,0,,
ABS:BA_GCCSA(1.0.0),1,1,9,TOT,TOT,10,4,M,2026-01,930,NUM,0,,
ABS:BA_GCCSA(1.0.0),1,1,9,TOT,TOT,10,1,M,2010-01,2556,NUM,0,,
ABS:BA_GCCSA(1.0.0),1,1,9,TOT,TOT,10,1,M,2010-02,2977,NUM,0,,
ABS:BA_GCCSA(1.0.0),1,1,9,TOT,TOT,10,1,M,2010-03,3553,NUM,0,,
ABS:BA_GCCSA(1.0.0),1,1,9,TOT,TOT,10,1,M,2010-04,2847,NUM,0,,
ABS:BA_GCCSA(1.0.0),1,1,9,TOT,TOT,10,1,M,2010-05,3170,NUM,0,,
ABS:BA_GCCSA(1.0.0),1,1,9,TOT,TOT,10,1,M,2010-06,2812,NUM,0,,
ABS:BA_GCCSA(1.0.0),1,1,9,TOT,TOT,10,1,M,2010-07,3406,NUM,0,,
ABS:BA_GCCSA(1.0.0),1,1,9,TOT,TOT,10,1,M,2010-08,2438,NUM,0,,
ABS:BA_GCCSA(1.0.0),1,1,9,TOT,TOT,10,1,M,2010-09,2669,NUM,0,,
ABS:BA_GCCSA(1.0.0),1,1,9,TOT,TOT,10,1,M,2010-10,3841,NUM,0,,
ABS:BA_GCCSA(1.0.0),1,1,9,TOT,TOT,10,1,M,2010-11,3283,NUM,0,,
ABS:BA_GCCSA(1.0.0),1,1,9,TOT,TOT,10,1,M,2010-12,3276,NUM,0,,
ABS:BA_GCCSA(1.0.0),1,1,9,TOT,TOT,10,1,M,2011-01,2104,NUM,0,,
ABS:BA_GCCSA(1.0.0),1,1,9,TOT,TOT,10,1,M,2011-02,2716,NUM,0,,
ABS:BA_GCCSA(1.0.0),1,1,9,TOT,TOT,10,1,M,2011-03,3266,NUM,0,,
ABS:BA_GCCSA(1.0.0),1,1,9,TOT,TOT,10,1,M,2011-04,2810,NUM,0,,
ABS:BA_GCCSA(1.0.0),1,1,9,TOT,TOT,10,1,M,2011-05,2466,NUM,0,,
ABS:BA_GCCSA(1.0.0),1,1,9,TOT,TOT,10,1,M,2011-06,2356,NUM,0,,
ABS:BA_GCCSA(1.0.0),1,1,9,TOT,TOT,10,1,M,2011-07,2979,NUM,0,,
ABS:BA_GCCSA(1.0.0),1,1,9,TOT,TOT,10,1,M,2011-08,4062,NUM,0,,
ABS:BA_GCCSA(1.0.0),1,1,9,TOT,TOT,10,1,M,2011-09,2922,NUM,0,,
ABS:BA_GCCSA(1.0.0),1,1,9,TOT,TOT,10,1,M,2011-10,2974,NUM,0,,
ABS:BA_GCCSA(1.0.0),1,1,9,TOT,TOT,10,1,M,2011-11,3271,NUM,0,,
ABS:BA_GCCSA(1.0.0),1,1,9,TOT,TOT,10,1,M,2011-12,2507,NUM,0,,
ABS:BA_GCCSA(1.0.0),1,1,9,TOT,TOT,10,1,M,2012-01,2234,NUM,0,,
ABS:BA_GCCSA(1.0.0),1,1,9,TOT,TOT,10,1,M,2012-02,1912,NUM,0,,
ABS:BA_GCCSA(1.0.0),1,1,9,TOT,TOT,10,1,M,2012-03,3181,NUM,0,,
ABS:BA_GCCSA(1.0.0),1,1,9,TOT,TOT,10,1,M,2012-04,2156,NUM,0,,
ABS:BA_GCCSA(1.0.0),1,1,9,TOT,TOT,10,1,M,2012-05,3822,NUM,0,,
ABS:BA_GCCSA(1.0.0),1,1,9,TOT,TOT,10,1,M,2012-06,3184,NUM,0,,
ABS:BA_GCCSA(1.0.0),1,1,9,TOT,TOT,10,1,M,2012-07,3045,NUM,0,,
ABS:BA_GCCSA(1.0.0),1,1,9,TOT,TOT,10,1,M,2012-08,2836,NUM,0,,
ABS:BA_GCCSA(1.0.0),1,1,9,TOT,TOT,10,1,M,2012-09,4138,NUM,0,,
ABS:BA_GCCSA(1.0.0),1,1,9,TOT,TOT,10,1,M,2012-10,4627,NUM,0,,
ABS:BA_GCCSA(1.0.0),1,1,9,TOT,TOT,10,1,M,2012-11,3668,NUM,0,,
ABS:BA_GCCSA(1.0.0),1,1,9,TOT,TOT,10,1,M,2012-12,4025,NUM,0,,
ABS:BA_GCCSA(1.0.0),1,1,9,TOT,TOT,10,1,M,2013-01,2920,NUM,0,,
ABS:BA_GCCSA(1.0.0),1,1,9,TOT,TOT,10,1,M,2013-02,2772,NUM,0,,
ABS:BA_GCCSA(1.0.0),1,1,9,TOT,TOT,10,1,M,2013-03,3166,NUM,0,,
ABS:BA_GCCSA(1.0.0),1,1,9,TOT,TOT,10,1,M,2013-04,4080,NUM,0,,
ABS:BA_GCCSA(1.0.0),1,1,9,TOT,TOT,10,1,M,2013-05,3726,NUM,0,,
ABS:BA_GCCSA(1.0.0),1,1,9,TOT,TOT,10,1,M,2013-06,3820,NUM,0,,
ABS:BA_GCCSA(1.0.0),1,1,9,TOT,TOT,10,1,M,2013-07,3716,NUM,0,,
ABS:BA_GCCSA(1.0.0),1,1,9,TOT,TOT,10,1,M,2013-08,4216,NUM,0,,
ABS:BA_GCCSA(1.0.0),1,1,9,TOT,TOT,10,1,M,2013-09,5856,NUM,0,,
ABS:BA_GCCSA(1.0.0),1,1,9,TOT,TOT,10,1,M,2013-10,4902,NUM,0,,
ABS:BA_GCCSA(1.0.0),1,1,9,TOT,TOT,10,1,M,2013-11,5167,NUM,0,,
ABS:BA_GCCSA(1.0.0),1,1,9,TOT,TOT,10,1,M,2013-12,4834,NUM,0,,
ABS:BA_GCCSA(1.0.0),1,1,9,TOT,TOT,10,1,M,2014-01,4281,NUM,0,,
ABS:BA_GCCSA(1.0.0),1,1,9,TOT,TOT,10,1,M,2014-02,3774,NUM,0,,
ABS:BA_GCCSA(1.0.0),1,1,9,TOT,TOT,10,1,M,2014-03,5098,NUM,0,,
ABS:BA_GCCSA(1.0.0),1,1,9,TOT,TOT,10,1,M,2014-04,3527,NUM,0,,
ABS:BA_GCCSA(1.0.0),1,1,9,TOT,TOT,10,1,M,2014-05,4691,NUM,0,,
ABS:BA_GCCSA(1.0.0),1,1,9,TOT,TOT,10,1,M,2014-06,4033,NUM,0,,
ABS:BA_GCCSA(1.0.0),1,1,9,TOT,TOT,10,1,M,2014-07,4533,NUM,0,,
ABS:BA_GCCSA(1.0.0),1,1,9,TOT,TOT,10,1,M,2014-08,4963,NUM,0,,
ABS:BA_GCCSA(1.0.0),1,1,9,TOT,TOT,10,1,M,2014-09,4468,NUM,0,,
ABS:BA_GCCSA(1.0.0),1,1,9,TOT,TOT,10,1,M,2014-10,5071,NUM,0,,
ABS:BA_GCCSA(1.0.0),1,1,9,TOT,TOT,10,1,M,2014-11,4965,NUM,0,,
ABS:BA_GCCSA(1.0.0),1,1,9,TOT,TOT,10,1,M,2014-12,6180,NUM,0,,
ABS:BA_GCCSA(1.0.0),1,1,9,TOT,TOT,10,1,M,2015-01,4762,NUM,0,,
ABS:BA_GCCSA(1.0.0),1,1,9,TOT,TOT,10,1,M,2015-02,5096,NUM,0,,
ABS:BA_GCCSA(1.0.0),1,1,9,TOT,TOT,10,1,M,2015-03,6073,NUM,0,,
ABS:BA_GCCSA(1.0.0),1,1,9,TOT,TOT,10,1,M,2015-04,4809,NUM,0,,
ABS:BA_GCCSA(1.0.0),1,1,9,TOT,TOT,10,1,M,2015-05,6507,NUM,0,,
ABS:BA_GCCSA(1.0.0),1,1,9,TOT,TOT,10,1,M,2015-06,5992,NUM,0,,
ABS:BA_GCCSA(1.0.0),1,1,9,TOT,TOT,10,1,M,2015-07,7525,NUM,0,,
ABS:BA_GCCSA(1.0.0),1,1,9,TOT,TOT,10,1,M,2015-08,5341,NUM,0,,
ABS:BA_GCCSA(1.0.0),1,1,9,TOT,TOT,10,1,M,2015-09,5141,NUM,0,,
ABS:BA_GCCSA(1.0.0),1,1,9,TOT,TOT,10,1,M,2015-10,7213,NUM,0,,
ABS:BA_GCCSA(1.0.0),1,1,9,TOT,TOT,10,1,M,2015-11,6540,NUM,0,,
ABS:BA_GCCSA(1.0.0),1,1,9,TOT,TOT,10,1,M,2015-12,6533,NUM,0,,
ABS:BA_GCCSA(1.0.0),1,1,9,TOT,TOT,10,1,M,2016-01,4214,NUM,0,,
ABS:BA_GCCSA(1.0.0),1,1,9,TOT,TOT,10,1,M,2016-02,5482,NUM,0,,
ABS:BA_GCCSA(1.0.0),1,1,9,TOT,TOT,10,1,M,2016-03,6204,NUM,0,,
ABS:BA_GCCSA(1.0.0),1,1,9,TOT,TOT,10,1,M,2016-04,6851,NUM,0,,
ABS:BA_GCCSA(1.0.0),1,1,9,TOT,TOT,10,1,M,2016-05,7070,NUM,0,,
ABS:BA_GCCSA(1.0.0),1,1,9,TOT,TOT,10,1,M,2016-06,5375,NUM,0,,
ABS:BA_GCCSA(1.0.0),1,1,9,TOT,TOT,10,1,M,2016-07,7777,NUM,0,,
ABS:BA_GCCSA(1.0.0),1,1,9,TOT,TOT,10,1,M,2016-08,8197,NUM,0,,
ABS:BA_GCCSA(1.0.0),1,1,9,TOT,TOT,10,1,M,2016-09,6589,NUM,0,,
ABS:BA_GCCSA(1.0.0),1,1,9,TOT,TOT,10,1,M,2016-10,5892,NUM,0,,
ABS:BA_GCCSA(1.0.0),1,1,9,TOT,TOT,10,1,M,2016-11,6051,NUM,0,,
ABS:BA_GCCSA(1.0.0),1,1,9,TOT,TOT,10,1,M,2016-12,4997,NUM,0,,
ABS:BA_GCCSA(1.0.0),1,1,9,TOT,TOT,10,1,M,2017-01,4791,NUM,0,,
ABS:BA_GCCSA(1.0.0),1,1,9,TOT,TOT,10,1,M,2017-02,6024,NUM,0,,
ABS:BA_GCCSA(1.0.0),1,1,9,TOT,TOT,10,1,M,2017-03,5372,NUM,0,,
ABS:BA_GCCSA(1.0.0),1,1,9,TOT,TOT,10,1,M,2017-04,5524,NUM,0,,
ABS:BA_GCCSA(1.0.0),1,1,9,TOT,TOT,10,1,M,2017-05,5360,NUM,0,,
ABS:BA_GCCSA(1.0.0),1,1,9,TOT,TOT,10,1,M,2017-06,6157,NUM,0,,
ABS:BA_GCCSA(1.0.0),1,1,9,TOT,TOT,10,1,M,2017-07,7505,NUM,0,,
ABS:BA_GCCSA(1.0.0),1,1,9,TOT,TOT,10,1,M,2017-08,6049,NUM,0,,
ABS:BA_GCCSA(1.0.0),1,1,9,TOT,TOT,10,1,M,2017-09,7375,NUM,0,,
ABS:BA_GCCSA(1.0.0),1,1,9,TOT,TOT,10,1,M,2017-10,6537,NUM,0,,
ABS:BA_GCCSA(1.0.0),1,1,9,TOT,TOT,10,1,M,2017-11,6418,NUM,0,,
ABS:BA_GCCSA(1.0.0),1,1,9,TOT,TOT,10,1,M,2017-12,5098,NUM,0,,
ABS:BA_GCCSA(1.0.0),1,1,9,TOT,TOT,10,1,M,2018-01,5027,NUM,0,,
ABS:BA_GCCSA(1.0.0),1,1,9,TOT,TOT,10,1,M,2018-02,5901,NUM,0,,
ABS:BA_GCCSA(1.0.0),1,1,9,TOT,TOT,10,1,M,2018-03,5626,NUM,0,,
ABS:BA_GCCSA(1.0.0),1,1,9,TOT,TOT,10,1,M,2018-04,5421,NUM,0,,
ABS:BA_GCCSA(1.0.0),1,1,9,TOT,TOT,10,1,M,2018-05,5922,NUM,0,,
ABS:BA_GCCSA(1.0.0),1,1,9,TOT,TOT,10,1,M,2018-06,5977,NUM,0,,
ABS:BA_GCCSA(1.0.0),1,1,9,TOT,TOT,10,1,M,2018-07,6207,NUM,0,,
ABS:BA_GCCSA(1.0.0),1,1,9,TOT,TOT,10,1,M,2018-08,5237,NUM,0,,
ABS:BA_GCCSA(1.0.0),1,1,9,TOT,TOT,10,1,M,2018-09,5171,NUM,0,,
ABS:BA_GCCSA(1.0.0),1,1,9,TOT,TOT,10,1,M,2018-10,5741,NUM,0,,
ABS:BA_GCCSA(1.0.0),1,1,9,TOT,TOT,10,1,M,2018-11,4729,NUM,0,,
ABS:BA_GCCSA(1.0.0),1,1,9,TOT,TOT,10,1,M,2018-12,4009,NUM,0,,
ABS:BA_GCCSA(1.0.0),1,1,9,TOT,TOT,10,1,M,2019-01,3942,NUM,0,,
ABS:BA_GCCSA(1.0.0),1,1,9,TOT,TOT,10,1,M,2019-02,5145,NUM,0,,
ABS:BA_GCCSA(1.0.0),1,1,9,TOT,TOT,10,1,M,2019-03,4434,NUM,0,,
ABS:BA_GCCSA(1.0.0),1,1,9,TOT,TOT,10,1,M,2019-04,4230,NUM,0,,
ABS:BA_GCCSA(1.0.0),1,1,9,TOT,TOT,10,1,M,2019-05,4955,NUM,0,,
ABS:BA_GCCSA(1.0.0),1,1,9,TOT,TOT,10,1,M,2019-06,4182,NUM,0,,
ABS:BA_GCCSA(1.0.0),1,1,9,TOT,TOT,10,1,M,2019-07,4295,NUM,0,,
ABS:BA_GCCSA(1.0.0),1,1,9,TOT,TOT,10,1,M,2019-08,4231,NUM,0,,
ABS:BA_GCCSA(1.0.0),1,1,9,TOT,TOT,10,1,M,2019-09,4085,NUM,0,,
ABS:BA_GCCSA(1.0.0),1,1,9,TOT,TOT,10,1,M,2019-10,3463,NUM,0,,
ABS:BA_GCCSA(1.0.0),1,1,9,TOT,TOT,10,1,M,2019-11,5223,NUM,0,,
ABS:BA_GCCSA(1.0.0),1,1,9,TOT,TOT,10,1,M,2019-12,3577,NUM,0,,
ABS:BA_GCCSA(1.0.0),1,1,9,TOT,TOT,10,1,M,2020-01,3307,NUM,0,,
ABS:BA_GCCSA(1.0.0),1,1,9,TOT,TOT,10,1,M,2020-02,4250,NUM,0,,
ABS:BA_GCCSA(1.0.0),1,1,9,TOT,TOT,10,1,M,2020-03,5449,NUM,0,,
ABS:BA_GCCSA(1.0.0),1,1,9,TOT,TOT,10,1,M,2020-04,3728,NUM,0,,
ABS:BA_GCCSA(1.0.0),1,1,9,TOT,TOT,10,1,M,2020-05,3844,NUM,0,,
ABS:BA_GCCSA(1.0.0),1,1,9,TOT,TOT,10,1,M,2020-06,3296,NUM,0,,
ABS:BA_GCCSA(1.0.0),1,1,9,TOT,TOT,10,1,M,2020-07,4742,NUM,0,,
ABS:BA_GCCSA(1.0.0),1,1,9,TOT,TOT,10,1,M,2020-08,3496,NUM,0,,
ABS:BA_GCCSA(1.0.0),1,1,9,TOT,TOT,10,1,M,2020-09,4027,NUM,0,,
ABS:BA_GCCSA(1.0.0),1,1,9,TOT,TOT,10,1,M,2020-10,5140,NUM,0,,
ABS:BA_GCCSA(1.0.0),1,1,9,TOT,TOT,10,1,M,2020-11,5384,NUM,0,,
ABS:BA_GCCSA(1.0.0),1,1,9,TOT,TOT,10,1,M,2020-12,4605,NUM,0,,
ABS:BA_GCCSA(1.0.0),1,1,9,TOT,TOT,10,1,M,2021-01,3676,NUM,0,,
ABS:BA_GCCSA(1.0.0),1,1,9,TOT,TOT,10,1,M,2021-02,4705,NUM,0,,
ABS:BA_GCCSA(1.0.0),1,1,9,TOT,TOT,10,1,M,2021-03,6282,NUM,0,,
ABS:BA_GCCSA(1.0.0),1,1,9,TOT,TOT,10,1,M,2021-04,6328,NUM,0,,
ABS:BA_GCCSA(1.0.0),1,1,9,TOT,TOT,10,1,M,2021-05,6393,NUM,0,,
ABS:BA_GCCSA(1.0.0),1,1,9,TOT,TOT,10,1,M,2021-06,5435,NUM,0,,
ABS:BA_GCCSA(1.0.0),1,1,9,TOT,TOT,10,1,M,2021-07,5745,NUM,0,,
ABS:BA_GCCSA(1.0.0),1,1,9,TOT,TOT,10,1,M,2021-08,5024,NUM,0,,
ABS:BA_GCCSA(1.0.0),1,1,9,TOT,TOT,10,1,M,2021-09,6404,NUM,0,,
ABS:BA_GCCSA(1.0.0),1,1,9,TOT,TOT,10,1,M,2021-10,4645,NUM,0,,
ABS:BA_GCCSA(1.0.0),1,1,9,TOT,TOT,10,1,M,2021-11,3996,NUM,0,,
ABS:BA_GCCSA(1.0.0),1,1,9,TOT,TOT,10,1,M,2021-12,4667,NUM,0,,
ABS:BA_GCCSA(1.0.0),1,1,9,TOT,TOT,10,1,M,2022-01,2851,NUM,0,,
ABS:BA_GCCSA(1.0.0),1,1,9,TOT,TOT,10,1,M,2022-02,5151,NUM,0,,
ABS:BA_GCCSA(1.0.0),1,1,9,TOT,TOT,10,1,M,2022-03,4294,NUM,0,,
ABS:BA_GCCSA(1.0.0),1,1,9,TOT,TOT,10,1,M,2022-04,4026,NUM,0,,
ABS:BA_GCCSA(1.0.0),1,1,9,TOT,TOT,10,1,M,2022-05,4549,NUM,0,,
ABS:BA_GCCSA(1.0.0),1,1,9,TOT,TOT,10,1,M,2022-06,4222,NUM,0,,
ABS:BA_GCCSA(1.0.0),1,1,9,TOT,TOT,10,1,M,2022-07,4119,NUM,0,,
ABS:BA_GCCSA(1.0.0),1,1,9,TOT,TOT,10,1,M,2022-08,5637,NUM,0,,
ABS:BA_GCCSA(1.0.0),1,1,9,TOT,TOT,10,1,M,2022-09,6107,NUM,0,,
ABS:BA_GCCSA(1.0.0),1,1,9,TOT,TOT,10,1,M,2022-10,4043,NUM,0,,
ABS:BA_GCCSA(1.0.0),1,1,9,TOT,TOT,10,1,M,2022-11,3808,NUM,0,,
ABS:BA_GCCSA(1.0.0),1,1,9,TOT,TOT,10,1,M,2022-12,5304,NUM,0,,
ABS:BA_GCCSA(1.0.0),1,1,9,TOT,TOT,10,1,M,2023-01,1947,NUM,0,,
ABS:BA_GCCSA(1.0.0),1,1,9,TOT,TOT,10,1,M,2023-02,3211,NUM,0,,
ABS:BA_GCCSA(1.0.0),1,1,9,TOT,TOT,10,1,M,2023-03,3727,NUM,0,,
ABS:BA_GCCSA(1.0.0),1,1,9,TOT,TOT,10,1,M,2023-04,3810,NUM,0,,
ABS:BA_GCCSA(1.0.0),1,1,9,TOT,TOT,10,1,M,2023-05,7051,NUM,0,,
ABS:BA_GCCSA(1.0.0),1,1,9,TOT,TOT,10,1,M,2023-06,3551,NUM,0,,
ABS:BA_GCCSA(1.0.0),1,1,9,TOT,TOT,10,1,M,2023-07,3364,NUM,0,,
ABS:BA_GCCSA(1.0.0),1,1,9,TOT,TOT,10,1,M,2023-08,3786,NUM,0,,
ABS:BA_GCCSA(1.0.0),1,1,9,TOT,TOT,10,1,M,2023-09,3884,NUM,0,,
ABS:BA_GCCSA(1.0.0),1,1,9,TOT,TOT,10,1,M,2023-10,3861,NUM,0,,
ABS:BA_GCCSA(1.0.0),1,1,9,TOT,TOT,10,1,M,2023-11,3809,NUM,0,,
ABS:BA_GCCSA(1.0.0),1,1,9,TOT,TOT,10,1,M,2023-12,3628,NUM,0,,
ABS:BA_GCCSA(1.0.0),1,1,9,TOT,TOT,10,1,M,2024-01,2254,NUM,0,,
ABS:BA_GCCSA(1.0.0),1,1,9,TOT,TOT,10,1,M,2024-02,3997,NUM,0,,
ABS:BA_GCCSA(1.0.0),1,1,9,TOT,TOT,10,1,M,2024-03,3540,NUM,0,,
ABS:BA_GCCSA(1.0.0),1,1,9,TOT,TOT,10,1,M,2024-04,3696,NUM,0,,
ABS:BA_GCCSA(1.0.0),1,1,9,TOT,TOT,10,1,M,2024-05,4523,NUM,0,,
ABS:BA_GCCSA(1.0.0),1,1,9,TOT,TOT,10,1,M,2024-06,2676,NUM,0,,
ABS:BA_GCCSA(1.0.0),1,1,9,TOT,TOT,10,1,M,2024-07,4231,NUM,0,,
ABS:BA_GCCSA(1.0.0),1,1,9,TOT,TOT,10,1,M,2024-08,3610,NUM,0,,
ABS:BA_GCCSA(1.0.0),1,1,9,TOT,TOT,10,1,M,2024-09,2981,NUM,0,,
ABS:BA_GCCSA(1.0.0),1,1,9,TOT,TOT,10,1,M,2024-10,4562,NUM,0,,
ABS:BA_GCCSA(1.0.0),1,1,9,TOT,TOT,10,1,M,2024-11,3819,NUM,0,,
ABS:BA_GCCSA(1.0.0),1,1,9,TOT,TOT,10,1,M,2024-12,4296,NUM,0,,
ABS:BA_GCCSA(1.0.0),1,1,9,TOT,TOT,10,1,M,2025-01,4607,NUM,0,,
ABS:BA_GCCSA(1.0.0),1,1,9,TOT,TOT,10,1,M,2025-02,3230,NUM,0,,
ABS:BA_GCCSA(1.0.0),1,1,9,TOT,TOT,10,1,M,2025-03,4141,NUM,0,,
ABS:BA_GCCSA(1.0.0),1,1,9,TOT,TOT,10,1,M,2025-04,3743,NUM,0,,
ABS:BA_GCCSA(1.0.0),1,1,9,TOT,TOT,10,1,M,2025-05,5326,NUM,0,,
ABS:BA_GCCSA(1.0.0),1,1,9,TOT,TOT,10,1,M,2025-06,4891,NUM,0,,
ABS:BA_GCCSA(1.0.0),1,1,9,TOT,TOT,10,1,M,2025-07,4636,NUM,0,,
ABS:BA_GCCSA(1.0.0),1,1,9,TOT,TOT,10,1,M,2025-08,3270,NUM,0,,
ABS:BA_GCCSA(1.0.0),1,1,9,TOT,TOT,10,1,M,2025-09,5546,NUM,0,,
ABS:BA_GCCSA(1.0.0),1,1,9,TOT,TOT,10,1,M,2025-10,4114,NUM,0,,
ABS:BA_GCCSA(1.0.0),1,1,9,TOT,TOT,10,1,M,2025-11,4828,NUM,0,,
ABS:BA_GCCSA(1.0.0),1,1,9,TOT,TOT,10,1,M,2025-12,4207,NUM,0,,
ABS:BA_GCCSA(1.0.0),1,1,9,TOT,TOT,10,1,M,2026-01,2661,NUM,0,,
ABS:BA_GCCSA(1.0.0),1,1,9,TOT,TOT,10,2,M,2010-01,3532,NUM,0,,
ABS:BA_GCCSA(1.0.0),1,1,9,TOT,TOT,10,2,M,2010-02,4676,NUM,0,,
ABS:BA_GCCSA(1.0.0),1,1,9,TOT,TOT,10,2,M,2010-03,6037,NUM,0,,
ABS:BA_GCCSA(1.0.0),1,1,9,TOT,TOT,10,2,M,2010-04,4920,NUM,0,,
ABS:BA_GCCSA(1.0.0),1,1,9,TOT,TOT,10,2,M,2010-05,4795,NUM,0,,
ABS:BA_GCCSA(1.0.0),1,1,9,TOT,TOT,10,2,M,2010-06,5416,NUM,0,,
ABS:BA_GCCSA(1.0.0),1,1,9,TOT,TOT,10,2,M,2010-07,6072,NUM,0,,
ABS:BA_GCCSA(1.0.0),1,1,9,TOT,TOT,10,2,M,2010-08,6030,NUM,0,,
ABS:BA_GCCSA(1.0.0),1,1,9,TOT,TOT,10,2,M,2010-09,5544,NUM,0,,
ABS:BA_GCCSA(1.0.0),1,1,9,TOT,TOT,10,2,M,2010-10,5450,NUM,0,,
ABS:BA_GCCSA(1.0.0),1,1,9,TOT,TOT,10,2,M,2010-11,5012,NUM,0,,
ABS:BA_GCCSA(1.0.0),1,1,9,TOT,TOT,10,2,M,2010-12,5254,NUM,0,,
ABS:BA_GCCSA(1.0.0),1,1,9,TOT,TOT,10,2,M,2011-01,3907,NUM,0,,
ABS:BA_GCCSA(1.0.0),1,1,9,TOT,TOT,10,2,M,2011-02,3964,NUM,0,,
ABS:BA_GCCSA(1.0.0),1,1,9,TOT,TOT,10,2,M,2011-03,5661,NUM,0,,
ABS:BA_GCCSA(1.0.0),1,1,9,TOT,TOT,10,2,M,2011-04,4578,NUM,0,,
ABS:BA_GCCSA(1.0.0),1,1,9,TOT,TOT,10,2,M,2011-05,4175,NUM,0,,
ABS:BA_GCCSA(1.0.0),1,1,9,TOT,TOT,10,2,M,2011-06,4869,NUM,0,,
ABS:BA_GCCSA(1.0.0),1,1,9,TOT,TOT,10,2,M,2011-07,4734,NUM,0,,
ABS:BA_GCCSA(1.0.0),1,1,9,TOT,TOT,10,2,M,2011-08,4936,NUM,0,,
ABS:BA_GCCSA(1.0.0),1,1,9,TOT,TOT,10,2,M,2011-09,4293,NUM,0,,
ABS:BA_GCCSA(1.0.0),1,1,9,TOT,TOT,10,2,M,2011-10,3464,NUM,0,,
ABS:BA_GCCSA(1.0.0),1,1,9,TOT,TOT,10,2,M,2011-11,4479,NUM,0,,
ABS:BA_GCCSA(1.0.0),1,1,9,TOT,TOT,10,2,M,2011-12,3235,NUM,0,,
ABS:BA_GCCSA(1.0.0),1,1,9,TOT,TOT,10,2,M,2012-01,2677,NUM,0,,
ABS:BA_GCCSA(1.0.0),1,1,9,TOT,TOT,10,2,M,2012-02,4324,NUM,0,,
ABS:BA_GCCSA(1.0.0),1,1,9,TOT,TOT,10,2,M,2012-03,3700,NUM,0,,
ABS:BA_GCCSA(1.0.0),1,1,9,TOT,TOT,10,2,M,2012-04,3554,NUM,0,,
ABS:BA_GCCSA(1.0.0),1,1,9,TOT,TOT,10,2,M,2012-05,5235,NUM,0,,
ABS:BA_GCCSA(1.0.0),1,1,9,TOT,TOT,10,2,M,2012-06,5854,NUM,0,,
ABS:BA_GCCSA(1.0.0),1,1,9,TOT,TOT,10,2,M,2012-07,3746,NUM,0,,
ABS:BA_GCCSA(1.0.0),1,1,9,TOT,TOT,10,2,M,2012-08,5053,NUM,0,,
ABS:BA_GCCSA(1.0.0),1,1,9,TOT,TOT,10,2,M,2012-09,5314,NUM,0,,
ABS:BA_GCCSA(1.0.0),1,1,9,TOT,TOT,10,2,M,2012-10,4520,NUM,0,,
ABS:BA_GCCSA(1.0.0),1,1,9,TOT,TOT,10,2,M,2012-11,4527,NUM,0,,
ABS:BA_GCCSA(1.0.0),1,1,9,TOT,TOT,10,2,M,2012-12,3617,NUM,0,,
ABS:BA_GCCSA(1.0.0),1,1,9,TOT,TOT,10,2,M,2013-01,2844,NUM,0,,
ABS:BA_GCCSA(1.0.0),1,1,9,TOT,TOT,10,2,M,2013-02,3744,NUM,0,,
ABS:BA_GCCSA(1.0.0),1,1,9,TOT,TOT,10,2,M,2013-03,3623,NUM,0,,
ABS:BA_GCCSA(1.0.0),1,1,9,TOT,TOT,10,2,M,2013-04,4281,NUM,0,,
ABS:BA_GCCSA(1.0.0),1,1,9,TOT,TOT,10,2,M,2013-05,4457,NUM,0,,
ABS:BA_GCCSA(1.0.0),1,1,9,TOT,TOT,10,2,M,2013-06,3171,NUM,0,,
ABS:BA_GCCSA(1.0.0),1,1,9,TOT,TOT,10,2,M,2013-07,4694,NUM,0,,
ABS:BA_GCCSA(1.0.0),1,1,9,TOT,TOT,10,2,M,2013-08,4007,NUM,0,,
ABS:BA_GCCSA(1.0.0),1,1,9,TOT,TOT,10,2,M,2013-09,4943,NUM,0,,
ABS:BA_GCCSA(1.0.0),1,1,9,TOT,TOT,10,2,M,2013-10,5571,NUM,0,,
ABS:BA_GCCSA(1.0.0),1,1,9,TOT,TOT,10,2,M,2013-11,4708,NUM,0,,
ABS:BA_GCCSA(1.0.0),1,1,9,TOT,TOT,10,2,M,2013-12,3790,NUM,0,,
ABS:BA_GCCSA(1.0.0),1,1,9,TOT,TOT,10,2,M,2014-01,3631,NUM,0,,
ABS:BA_GCCSA(1.0.0),1,1,9,TOT,TOT,10,2,M,2014-02,4791,NUM,0,,
ABS:BA_GCCSA(1.0.0),1,1,9,TOT,TOT,10,2,M,2014-03,4142,NUM,0,,
ABS:BA_GCCSA(1.0.0),1,1,9,TOT,TOT,10,2,M,2014-04,5533,NUM,0,,
ABS:BA_GCCSA(1.0.0),1,1,9,TOT,TOT,10,2,M,2014-05,4501,NUM,0,,
ABS:BA_GCCSA(1.0.0),1,1,9,TOT,TOT,10,2,M,2014-06,4531,NUM,0,,
ABS:BA_GCCSA(1.0.0),1,1,9,TOT,TOT,10,2,M,2014-07,5129,NUM,0,,
ABS:BA_GCCSA(1.0.0),1,1,9,TOT,TOT,10,2,M,2014-08,5560,NUM,0,,
ABS:BA_GCCSA(1.0.0),1,1,9,TOT,TOT,10,2,M,2014-09,4852,NUM,0,,
ABS:BA_GCCSA(1.0.0),1,1,9,TOT,TOT,10,2,M,2014-10,5900,NUM,0,,
ABS:BA_GCCSA(1.0.0),1,1,9,TOT,TOT,10,2,M,2014-11,6954,NUM,0,,
ABS:BA_GCCSA(1.0.0),1,1,9,TOT,TOT,10,2,M,2014-12,5371,NUM,0,,
ABS:BA_GCCSA(1.0.0),1,1,9,TOT,TOT,10,2,M,2015-01,3836,NUM,0,,
ABS:BA_GCCSA(1.0.0),1,1,9,TOT,TOT,10,2,M,2015-02,6498,NUM,0,,
ABS:BA_GCCSA(1.0.0),1,1,9,TOT,TOT,10,2,M,2015-03,6351,NUM,0,,
ABS:BA_GCCSA(1.0.0),1,1,9,TOT,TOT,10,2,M,2015-04,5856,NUM,0,,
ABS:BA_GCCSA(1.0.0),1,1,9,TOT,TOT,10,2,M,2015-05,6669,NUM,0,,
ABS:BA_GCCSA(1.0.0),1,1,9,TOT,TOT,10,2,M,2015-06,4696,NUM,0,,
ABS:BA_GCCSA(1.0.0),1,1,9,TOT,TOT,10,2,M,2015-07,5888,NUM,0,,
ABS:BA_GCCSA(1.0.0),1,1,9,TOT,TOT,10,2,M,2015-08,5436,NUM,0,,
ABS:BA_GCCSA(1.0.0),1,1,9,TOT,TOT,10,2,M,2015-09,6194,NUM,0,,
ABS:BA_GCCSA(1.0.0),1,1,9,TOT,TOT,10,2,M,2015-10,7296,NUM,0,,
ABS:BA_GCCSA(1.0.0),1,1,9,TOT,TOT,10,2,M,2015-11,4519,NUM,0,,
ABS:BA_GCCSA(1.0.0),1,1,9,TOT,TOT,10,2,M,2015-12,5430,NUM,0,,
ABS:BA_GCCSA(1.0.0),1,1,9,TOT,TOT,10,2,M,2016-01,4289,NUM,0,,
ABS:BA_GCCSA(1.0.0),1,1,9,TOT,TOT,10,2,M,2016-02,5647,NUM,0,,
ABS:BA_GCCSA(1.0.0),1,1,9,TOT,TOT,10,2,M,2016-03,5563,NUM,0,,
ABS:BA_GCCSA(1.0.0),1,1,9,TOT,TOT,10,2,M,2016-04,5974,NUM,0,,
ABS:BA_GCCSA(1.0.0),1,1,9,TOT,TOT,10,2,M,2016-05,6090,NUM,0,,
ABS:BA_GCCSA(1.0.0),1,1,9,TOT,TOT,10,2,M,2016-06,5756,NUM,0,,
ABS:BA_GCCSA(1.0.0),1,1,9,TOT,TOT,10,2,M,2016-07,6921,NUM,0,,
ABS:BA_GCCSA(1.0.0),1,1,9,TOT,TOT,10,2,M,2016-08,6483,NUM,0,,
ABS:BA_GCCSA(1.0.0),1,1,9,TOT,TOT,10,2,M,2016-09,5399,NUM,0,,
ABS:BA_GCCSA(1.0.0),1,1,9,TOT,TOT,10,2,M,2016-10,4566,NUM,0,,
ABS:BA_GCCSA(1.0.0),1,1,9,TOT,TOT,10,2,M,2016-11,5864,NUM,0,,
ABS:BA_GCCSA(1.0.0),1,1,9,TOT,TOT,10,2,M,2016-12,6204,NUM,0,,
ABS:BA_GCCSA(1.0.0),1,1,9,TOT,TOT,10,2,M,2017-01,4340,NUM,0,,
ABS:BA_GCCSA(1.0.0),1,1,9,TOT,TOT,10,2,M,2017-02,5762,NUM,0,,
ABS:BA_GCCSA(1.0.0),1,1,9,TOT,TOT,10,2,M,2017-03,5543,NUM,0,,
ABS:BA_GCCSA(1.0.0),1,1,9,TOT,TOT,10,2,M,2017-04,4387,NUM,0,,
ABS:BA_GCCSA(1.0.0),1,1,9,TOT,TOT,10,2,M,2017-05,5390,NUM,0,,
ABS:BA_GCCSA(1.0.0),1,1,9,TOT,TOT,10,2,M,2017-06,5218,NUM,0,,
ABS:BA_GCCSA(1.0.0),1,1,9,TOT,TOT,10,2,M,2017-07,5614,NUM,0,,
ABS:BA_GCCSA(1.0.0),1,1,9,TOT,TOT,10,2,M,2017-08,5899,NUM,0,,
ABS:BA_GCCSA(1.0.0),1,1,9,TOT,TOT,10,2,M,2017-09,5483,NUM,0,,
ABS:BA_GCCSA(1.0.0),1,1,9,TOT,TOT,10,2,M,2017-10,7132,NUM,0,,
ABS:BA_GCCSA(1.0.0),1,1,9,TOT,TOT,10,2,M,2017-11,10174,NUM,0,,
ABS:BA_GCCSA(1.0.0),1,1,9,TOT,TOT,10,2,M,2017-12,5426,NUM,0,,
ABS:BA_GCCSA(1.0.0),1,1,9,TOT,TOT,10,2,M,2018-01,5748,NUM,0,,
ABS:BA_GCCSA(1.0.0),1,1,9,TOT,TOT,10,2,M,2018-02,6173,NUM,0,,
ABS:BA_GCCSA(1.0.0),1,1,9,TOT,TOT,10,2,M,2018-03,6667,NUM,0,,
ABS:BA_GCCSA(1.0.0),1,1,9,TOT,TOT,10,2,M,2018-04,5796,NUM,0,,
ABS:BA_GCCSA(1.0.0),1,1,9,TOT,TOT,10,2,M,2018-05,6429,NUM,0,,
ABS:BA_GCCSA(1.0.0),1,1,9,TOT,TOT,10,2,M,2018-06,5289,NUM,0,,
ABS:BA_GCCSA(1.0.0),1,1,9,TOT,TOT,10,2,M,2018-07,5374,NUM,0,,
ABS:BA_GCCSA(1.0.0),1,1,9,TOT,TOT,10,2,M,2018-08,5060,NUM,0,,
ABS:BA_GCCSA(1.0.0),1,1,9,TOT,TOT,10,2,M,2018-09,5793,NUM,0,,
ABS:BA_GCCSA(1.0.0),1,1,9,TOT,TOT,10,2,M,2018-10,6379,NUM,0,,
ABS:BA_GCCSA(1.0.0),1,1,9,TOT,TOT,10,2,M,2018-11,5309,NUM,0,,
ABS:BA_GCCSA(1.0.0),1,1,9,TOT,TOT,10,2,M,2018-12,3964,NUM,0,,
ABS:BA_GCCSA(1.0.0),1,1,9,TOT,TOT,10,2,M,2019-01,3565,NUM,0,,
ABS:BA_GCCSA(1.0.0),1,1,9,TOT,TOT,10,2,M,2019-02,5866,NUM,0,,
ABS:BA_GCCSA(1.0.0),1,1,9,TOT,TOT,10,2,M,2019-03,5215,NUM,0,,
ABS:BA_GCCSA(1.0.0),1,1,9,TOT,TOT,10,2,M,2019-04,3746,NUM,0,,
ABS:BA_GCCSA(1.0.0),1,1,9,TOT,TOT,10,2,M,2019-05,5061,NUM,0,,
ABS:BA_GCCSA(1.0.0),1,1,9,TOT,TOT,10,2,M,2019-06,5000,NUM,0,,
ABS:BA_GCCSA(1.0.0),1,1,9,TOT,TOT,10,2,M,2019-07,4196,NUM,0,,
ABS:BA_GCCSA(1.0.0),1,1,9,TOT,TOT,10,2,M,2019-08,4510,NUM,0,,
ABS:BA_GCCSA(1.0.0),1,1,9,TOT,TOT,10,2,M,2019-09,4578,NUM,0,,
ABS:BA_GCCSA(1.0.0),1,1,9,TOT,TOT,10,2,M,2019-10,5237,NUM,0,,
ABS:BA_GCCSA(1.0.0),1,1,9,TOT,TOT,10,2,M,2019-11,5100,NUM,0,,
ABS:BA_GCCSA(1.0.0),1,1,9,TOT,TOT,10,2,M,2019-12,6126,NUM,0,,
ABS:BA_GCCSA(1.0.0),1,1,9,TOT,TOT,10,2,M,2020-01,3564,NUM,0,,
ABS:BA_GCCSA(1.0.0),1,1,9,TOT,TOT,10,2,M,2020-02,7048,NUM,0,,
ABS:BA_GCCSA(1.0.0),1,1,9,TOT,TOT,10,2,M,2020-03,5202,NUM,0,,
ABS:BA_GCCSA(1.0.0),1,1,9,TOT,TOT,10,2,M,2020-04,5475,NUM,0,,
ABS:BA_GCCSA(1.0.0),1,1,9,TOT,TOT,10,2,M,2020-05,4827,NUM,0,,
ABS:BA_GCCSA(1.0.0),1,1,9,TOT,TOT,10,2,M,2020-06,4639,NUM,0,,
ABS:BA_GCCSA(1.0.0),1,1,9,TOT,TOT,10,2,M,2020-07,6071,NUM,0,,
ABS:BA_GCCSA(1.0.0),1,1,9,TOT,TOT,10,2,M,2020-08,5393,NUM,0,,
ABS:BA_GCCSA(1.0.0),1,1,9,TOT,TOT,10,2,M,2020-09,6084,NUM,0,,
ABS:BA_GCCSA(1.0.0),1,1,9,TOT,TOT,10,2,M,2020-10,5462,NUM,0,,
ABS:BA_GCCSA(1.0.0),1,1,9,TOT,TOT,10,2,M,2020-11,4970,NUM,0,,
ABS:BA_GCCSA(1.0.0),1,1,9,TOT,TOT,10,2,M,2020-12,4762,NUM,0,,
ABS:BA_GCCSA(1.0.0),1,1,9,TOT,TOT,10,2,M,2021-01,3554,NUM,0,,
ABS:BA_GCCSA(1.0.0),1,1,9,TOT,TOT,10,2,M,2021-02,5877,NUM,0,,
ABS:BA_GCCSA(1.0.0),1,1,9,TOT,TOT,10,2,M,2021-03,7739,NUM,0,,
ABS:BA_GCCSA(1.0.0),1,1,9,TOT,TOT,10,2,M,2021-04,5892,NUM,0,,
ABS:BA_GCCSA(1.0.0),1,1,9,TOT,TOT,10,2,M,2021-05,6089,NUM,0,,
ABS:BA_GCCSA(1.0.0),1,1,9,TOT,TOT,10,2,M,2021-06,6825,NUM,0,,
ABS:BA_GCCSA(1.0.0),1,1,9,TOT,TOT,10,2,M,2021-07,6011,NUM,0,,
ABS:BA_GCCSA(1.0.0),1,1,9,TOT,TOT,10,2,M,2021-08,6717,NUM,0,,
ABS:BA_GCCSA(1.0.0),1,1,9,TOT,TOT,10,2,M,2021-09,5860,NUM,0,,
ABS:BA_GCCSA(1.0.0),1,1,9,TOT,TOT,10,2,M,2021-10,5534,NUM,0,,
ABS:BA_GCCSA(1.0.0),1,1,9,TOT,TOT,10,2,M,2021-11,6259,NUM,0,,
ABS:BA_GCCSA(1.0.0),1,1,9,TOT,TOT,10,2,M,2021-12,5309,NUM,0,,
ABS:BA_GCCSA(1.0.0),1,1,9,TOT,TOT,10,2,M,2022-01,3089,NUM,0,,
ABS:BA_GCCSA(1.0.0),1,1,9,TOT,TOT,10,2,M,2022-02,6880,NUM,0,,
ABS:BA_GCCSA(1.0.0),1,1,9,TOT,TOT,10,2,M,2022-03,5194,NUM,0,,
ABS:BA_GCCSA(1.0.0),1,1,9,TOT,TOT,10,2,M,2022-04,5160,NUM,0,,
ABS:BA_GCCSA(1.0.0),1,1,9,TOT,TOT,10,2,M,2022-05,4860,NUM,0,,
ABS:BA_GCCSA(1.0.0),1,1,9,TOT,TOT,10,2,M,2022-06,5304,NUM,0,,
ABS:BA_GCCSA(1.0.0),1,1,9,TOT,TOT,10,2,M,2022-07,4279,NUM,0,,
ABS:BA_GCCSA(1.0.0),1,1,9,TOT,TOT,10,2,M,2022-08,5587,NUM,0,,
ABS:BA_GCCSA(1.0.0),1,1,9,TOT,TOT,10,2,M,2022-09,5356,NUM,0,,
ABS:BA_GCCSA(1.0.0),1,1,9,TOT,TOT,10,2,M,2022-10,5749,NUM,0,,
ABS:BA_GCCSA(1.0.0),1,1,9,TOT,TOT,10,2,M,2022-11,5318,NUM,0,,
ABS:BA_GCCSA(1.0.0),1,1,9,TOT,TOT,10,2,M,2022-12,5412,NUM,0,,
ABS:BA_GCCSA(1.0.0),1,1,9,TOT,TOT,10,2,M,2023-01,2893,NUM,0,,
ABS:BA_GCCSA(1.0.0),1,1,9,TOT,TOT,10,2,M,2023-02,4248,NUM,0,,
ABS:BA_GCCSA(1.0.0),1,1,9,TOT,TOT,10,2,M,2023-03,4487,NUM,0,,
ABS:BA_GCCSA(1.0.0),1,1,9,TOT,TOT,10,2,M,2023-04,3139,NUM,0,,
ABS:BA_GCCSA(1.0.0),1,1,9,TOT,TOT,10,2,M,2023-05,4422,NUM,0,,
ABS:BA_GCCSA(1.0.0),1,1,9,TOT,TOT,10,2,M,2023-06,4554,NUM,0,,
ABS:BA_GCCSA(1.0.0),1,1,9,TOT,TOT,10,2,M,2023-07,4009,NUM,0,,
ABS:BA_GCCSA(1.0.0),1,1,9,TOT,TOT,10,2,M,2023-08,5279,NUM,0,,
ABS:BA_GCCSA(1.0.0),1,1,9,TOT,TOT,10,2,M,2023-09,4786,NUM,0,,
ABS:BA_GCCSA(1.0.0),1,1,9,TOT,TOT,10,2,M,2023-10,4898,NUM,0,,
ABS:BA_GCCSA(1.0.0),1,1,9,TOT,TOT,10,2,M,2023-11,5357,NUM,0,,
ABS:BA_GCCSA(1.0.0),1,1,9,TOT,TOT,10,2,M,2023-12,3618,NUM,0,,
ABS:BA_GCCSA(1.0.0),1,1,9,TOT,TOT,10,2,M,2024-01,3336,NUM,0,,
ABS:BA_GCCSA(1.0.0),1,1,9,TOT,TOT,10,2,M,2024-02,3988,NUM,0,,
ABS:BA_GCCSA(1.0.0),1,1,9,TOT,TOT,10,2,M,2024-03,4019,NUM,0,,
ABS:BA_GCCSA(1.0.0),1,1,9,TOT,TOT,10,2,M,2024-04,4096,NUM,0,,
ABS:BA_GCCSA(1.0.0),1,1,9,TOT,TOT,10,2,M,2024-05,4867,NUM,0,,
ABS:BA_GCCSA(1.0.0),1,1,9,TOT,TOT,10,2,M,2024-06,3668,NUM,0,,
ABS:BA_GCCSA(1.0.0),1,1,9,TOT,TOT,10,2,M,2024-07,5156,NUM,0,,
ABS:BA_GCCSA(1.0.0),1,1,9,TOT,TOT,10,2,M,2024-08,4786,NUM,0,,
ABS:BA_GCCSA(1.0.0),1,1,9,TOT,TOT,10,2,M,2024-09,4725,NUM,0,,
ABS:BA_GCCSA(1.0.0),1,1,9,TOT,TOT,10,2,M,2024-10,6389,NUM,0,,
ABS:BA_GCCSA(1.0.0),1,1,9,TOT,TOT,10,2,M,2024-11,4877,NUM,0,,
ABS:BA_GCCSA(1.0.0),1,1,9,TOT,TOT,10,2,M,2024-12,3910,NUM,0,,
ABS:BA_GCCSA(1.0.0),1,1,9,TOT,TOT,10,2,M,2025-01,3797,NUM,0,,
ABS:BA_GCCSA(1.0.0),1,1,9,TOT,TOT,10,2,M,2025-02,5815,NUM,0,,
ABS:BA_GCCSA(1.0.0),1,1,9,TOT,TOT,10,2,M,2025-03,4351,NUM,0,,
ABS:BA_GCCSA(1.0.0),1,1,9,TOT,TOT,10,2,M,2025-04,3902,NUM,0,,
ABS:BA_GCCSA(1.0.0),1,1,9,TOT,TOT,10,2,M,2025-05,4623,NUM,0,,
ABS:BA_GCCSA(1.0.0),1,1,9,TOT,TOT,10,2,M,2025-06,4200,NUM,0,,
ABS:BA_GCCSA(1.0.0),1,1,9,TOT,TOT,10,2,M,2025-07,4818,NUM,0,,
ABS:BA_GCCSA(1.0.0),1,1,9,TOT,TOT,10,2,M,2025-08,4110,NUM,0,,
ABS:BA_GCCSA(1.0.0),1,1,9,TOT,TOT,10,2,M,2025-09,5588,NUM,0,,
ABS:BA_GCCSA(1.0.0),1,1,9,TOT,TOT,10,2,M,2025-10,4808,NUM,0,,
ABS:BA_GCCSA(1.0.0),1,1,9,TOT,TOT,10,2,M,2025-11,4949,NUM,0,,
ABS:BA_GCCSA(1.0.0),1,1,9,TOT,TOT,10,2,M,2025-12,3439,NUM,0,,
ABS:BA_GCCSA(1.0.0),1,1,9,TOT,TOT,10,2,M,2026-01,2254,NUM,0,,
ABS:BA_GCCSA(1.0.0),1,1,9,TOT,TOT,10,5,M,2010-01,2018,NUM,0,,
ABS:BA_GCCSA(1.0.0),1,1,9,TOT,TOT,10,5,M,2010-02,2443,NUM,0,,
ABS:BA_GCCSA(1.0.0),1,1,9,TOT,TOT,10,5,M,2010-03,2579,NUM,0,,
ABS:BA_GCCSA(1.0.0),1,1,9,TOT,TOT,10,5,M,2010-04,1944,NUM,0,,
ABS:BA_GCCSA(1.0.0),1,1,9,TOT,TOT,10,5,M,2010-05,2091,NUM,0,,
ABS:BA_GCCSA(1.0.0),1,1,9,TOT,TOT,10,5,M,2010-06,2056,NUM,0,,
ABS:BA_GCCSA(1.0.0),1,1,9,TOT,TOT,10,5,M,2010-07,1817,NUM,0,,
ABS:BA_GCCSA(1.0.0),1,1,9,TOT,TOT,10,5,M,2010-08,1877,NUM,0,,
ABS:BA_GCCSA(1.0.0),1,1,9,TOT,TOT,10,5,M,2010-09,1840,NUM,0,,
ABS:BA_GCCSA(1.0.0),1,1,9,TOT,TOT,10,5,M,2010-10,1782,NUM,0,,
ABS:BA_GCCSA(1.0.0),1,1,9,TOT,TOT,10,5,M,2010-11,2051,NUM,0,,
ABS:BA_GCCSA(1.0.0),1,1,9,TOT,TOT,10,5,M,2010-12,1707,NUM,0,,
ABS:BA_GCCSA(1.0.0),1,1,9,TOT,TOT,10,5,M,2011-01,1379,NUM,0,,
ABS:BA_GCCSA(1.0.0),1,1,9,TOT,TOT,10,5,M,2011-02,1646,NUM,0,,
ABS:BA_GCCSA(1.0.0),1,1,9,TOT,TOT,10,5,M,2011-03,1814,NUM,0,,
ABS:BA_GCCSA(1.0.0),1,1,9,TOT,TOT,10,5,M,2011-04,1430,NUM,0,,
ABS:BA_GCCSA(1.0.0),1,1,9,TOT,TOT,10,5,M,2011-05,1894,NUM,0,,
ABS:BA_GCCSA(1.0.0),1,1,9,TOT,TOT,10,5,M,2011-06,1761,NUM,0,,
ABS:BA_GCCSA(1.0.0),1,1,9,TOT,TOT,10,5,M,2011-07,1590,NUM,0,,
ABS:BA_GCCSA(1.0.0),1,1,9,TOT,TOT,10,5,M,2011-08,1863,NUM,0,,
ABS:BA_GCCSA(1.0.0),1,1,9,TOT,TOT,10,5,M,2011-09,1749,NUM,0,,
ABS:BA_GCCSA(1.0.0),1,1,9,TOT,TOT,10,5,M,2011-10,1770,NUM,0,,
ABS:BA_GCCSA(1.0.0),1,1,9,TOT,TOT,10,5,M,2011-11,1534,NUM,0,,
ABS:BA_GCCSA(1.0.0),1,1,9,TOT,TOT,10,5,M,2011-12,1487,NUM,0,,
ABS:BA_GCCSA(1.0.0),1,1,9,TOT,TOT,10,5,M,2012-01,1402,NUM,0,,
ABS:BA_GCCSA(1.0.0),1,1,9,TOT,TOT,10,5,M,2012-02,1682,NUM,0,,
ABS:BA_GCCSA(1.0.0),1,1,9,TOT,TOT,10,5,M,2012-03,1975,NUM,0,,
ABS:BA_GCCSA(1.0.0),1,1,9,TOT,TOT,10,5,M,2012-04,806,NUM,0,,
ABS:BA_GCCSA(1.0.0),1,1,9,TOT,TOT,10,5,M,2012-05,1441,NUM,0,,
ABS:BA_GCCSA(1.0.0),1,1,9,TOT,TOT,10,5,M,2012-06,1976,NUM,0,,
ABS:BA_GCCSA(1.0.0),1,1,9,TOT,TOT,10,5,M,2012-07,1862,NUM,0,,
ABS:BA_GCCSA(1.0.0),1,1,9,TOT,TOT,10,5,M,2012-08,2369,NUM,0,,
ABS:BA_GCCSA(1.0.0),1,1,9,TOT,TOT,10,5,M,2012-09,1890,NUM,0,,
ABS:BA_GCCSA(1.0.0),1,1,9,TOT,TOT,10,5,M,2012-10,2262,NUM,0,,
ABS:BA_GCCSA(1.0.0),1,1,9,TOT,TOT,10,5,M,2012-11,2220,NUM,0,,
ABS:BA_GCCSA(1.0.0),1,1,9,TOT,TOT,10,5,M,2012-12,1805,NUM,0,,
ABS:BA_GCCSA(1.0.0),1,1,9,TOT,TOT,10,5,M,2013-01,1771,NUM,0,,
ABS:BA_GCCSA(1.0.0),1,1,9,TOT,TOT,10,5,M,2013-02,2093,NUM,0,,
ABS:BA_GCCSA(1.0.0),1,1,9,TOT,TOT,10,5,M,2013-03,2073,NUM,0,,
ABS:BA_GCCSA(1.0.0),1,1,9,TOT,TOT,10,5,M,2013-04,2200,NUM,0,,
ABS:BA_GCCSA(1.0.0),1,1,9,TOT,TOT,10,5,M,2013-05,2695,NUM,0,,
ABS:BA_GCCSA(1.0.0),1,1,9,TOT,TOT,10,5,M,2013-06,2397,NUM,0,,
ABS:BA_GCCSA(1.0.0),1,1,9,TOT,TOT,10,5,M,2013-07,2638,NUM,0,,
ABS:BA_GCCSA(1.0.0),1,1,9,TOT,TOT,10,5,M,2013-08,2534,NUM,0,,
ABS:BA_GCCSA(1.0.0),1,1,9,TOT,TOT,10,5,M,2013-09,2621,NUM,0,,
ABS:BA_GCCSA(1.0.0),1,1,9,TOT,TOT,10,5,M,2013-10,2654,NUM,0,,
ABS:BA_GCCSA(1.0.0),1,1,9,TOT,TOT,10,5,M,2013-11,2727,NUM,0,,
ABS:BA_GCCSA(1.0.0),1,1,9,TOT,TOT,10,5,M,2013-12,2287,NUM,0,,
ABS:BA_GCCSA(1.0.0),1,1,9,TOT,TOT,10,5,M,2014-01,2313,NUM,0,,
ABS:BA_GCCSA(1.0.0),1,1,9,TOT,TOT,10,5,M,2014-02,2705,NUM,0,,
ABS:BA_GCCSA(1.0.0),1,1,9,TOT,TOT,10,5,M,2014-03,2460,NUM,0,,
ABS:BA_GCCSA(1.0.0),1,1,9,TOT,TOT,10,5,M,2014-04,2331,NUM,0,,
ABS:BA_GCCSA(1.0.0),1,1,9,TOT,TOT,10,5,M,2014-05,3014,NUM,0,,
ABS:BA_GCCSA(1.0.0),1,1,9,TOT,TOT,10,5,M,2014-06,2611,NUM,0,,
ABS:BA_GCCSA(1.0.0),1,1,9,TOT,TOT,10,5,M,2014-07,3329,NUM,0,,
ABS:BA_GCCSA(1.0.0),1,1,9,TOT,TOT,10,5,M,2014-08,2742,NUM,0,,
ABS:BA_GCCSA(1.0.0),1,1,9,TOT,TOT,10,5,M,2014-09,2842,NUM,0,,
ABS:BA_GCCSA(1.0.0),1,1,9,TOT,TOT,10,5,M,2014-10,3070,NUM,0,,
ABS:BA_GCCSA(1.0.0),1,1,9,TOT,TOT,10,5,M,2014-11,2996,NUM,0,,
ABS:BA_GCCSA(1.0.0),1,1,9,TOT,TOT,10,5,M,2014-12,2675,NUM,0,,
ABS:BA_GCCSA(1.0.0),1,1,9,TOT,TOT,10,5,M,2015-01,2077,NUM,0,,
ABS:BA_GCCSA(1.0.0),1,1,9,TOT,TOT,10,5,M,2015-02,2261,NUM,0,,
ABS:BA_GCCSA(1.0.0),1,1,9,TOT,TOT,10,5,M,2015-03,2738,NUM,0,,
ABS:BA_GCCSA(1.0.0),1,1,9,TOT,TOT,10,5,M,2015-04,2482,NUM,0,,
ABS:BA_GCCSA(1.0.0),1,1,9,TOT,TOT,10,5,M,2015-05,3094,NUM,0,,
ABS:BA_GCCSA(1.0.0),1,1,9,TOT,TOT,10,5,M,2015-06,2401,NUM,0,,
ABS:BA_GCCSA(1.0.0),1,1,9,TOT,TOT,10,5,M,2015-07,2443,NUM,0,,
ABS:BA_GCCSA(1.0.0),1,1,9,TOT,TOT,10,5,M,2015-08,2768,NUM,0,,
ABS:BA_GCCSA(1.0.0),1,1,9,TOT,TOT,10,5,M,2015-09,2258,NUM,0,,
ABS:BA_GCCSA(1.0.0),1,1,9,TOT,TOT,10,5,M,2015-10,2378,NUM,0,,
ABS:BA_GCCSA(1.0.0),1,1,9,TOT,TOT,10,5,M,2015-11,1888,NUM,0,,
ABS:BA_GCCSA(1.0.0),1,1,9,TOT,TOT,10,5,M,2015-12,1872,NUM,0,,
ABS:BA_GCCSA(1.0.0),1,1,9,TOT,TOT,10,5,M,2016-01,1792,NUM,0,,
ABS:BA_GCCSA(1.0.0),1,1,9,TOT,TOT,10,5,M,2016-02,2016,NUM,0,,
ABS:BA_GCCSA(1.0.0),1,1,9,TOT,TOT,10,5,M,2016-03,1896,NUM,0,,
ABS:BA_GCCSA(1.0.0),1,1,9,TOT,TOT,10,5,M,2016-04,1917,NUM,0,,
ABS:BA_GCCSA(1.0.0),1,1,9,TOT,TOT,10,5,M,2016-05,1725,NUM,0,,
ABS:BA_GCCSA(1.0.0),1,1,9,TOT,TOT,10,5,M,2016-06,1697,NUM,0,,
ABS:BA_GCCSA(1.0.0),1,1,9,TOT,TOT,10,5,M,2016-07,2034,NUM,0,,
ABS:BA_GCCSA(1.0.0),1,1,9,TOT,TOT,10,5,M,2016-08,1777,NUM,0,,
ABS:BA_GCCSA(1.0.0),1,1,9,TOT,TOT,10,5,M,2016-09,1769,NUM,0,,
ABS:BA_GCCSA(1.0.0),1,1,9,TOT,TOT,10,5,M,2016-10,1568,NUM,0,,
ABS:BA_GCCSA(1.0.0),1,1,9,TOT,TOT,10,5,M,2016-11,2133,NUM,0,,
ABS:BA_GCCSA(1.0.0),1,1,9,TOT,TOT,10,5,M,2016-12,1589,NUM,0,,
ABS:BA_GCCSA(1.0.0),1,1,9,TOT,TOT,10,5,M,2017-01,1361,NUM,0,,
ABS:BA_GCCSA(1.0.0),1,1,9,TOT,TOT,10,5,M,2017-02,1579,NUM,0,,
ABS:BA_GCCSA(1.0.0),1,1,9,TOT,TOT,10,5,M,2017-03,1674,NUM,0,,
ABS:BA_GCCSA(1.0.0),1,1,9,TOT,TOT,10,5,M,2017-04,1237,NUM,0,,
ABS:BA_GCCSA(1.0.0),1,1,9,TOT,TOT,10,5,M,2017-05,1772,NUM,0,,
ABS:BA_GCCSA(1.0.0),1,1,9,TOT,TOT,10,5,M,2017-06,1875,NUM,0,,
ABS:BA_GCCSA(1.0.0),1,1,9,TOT,TOT,10,5,M,2017-07,1631,NUM,0,,
ABS:BA_GCCSA(1.0.0),1,1,9,TOT,TOT,10,5,M,2017-08,1595,NUM,0,,
ABS:BA_GCCSA(1.0.0),1,1,9,TOT,TOT,10,5,M,2017-09,1978,NUM,0,,
ABS:BA_GCCSA(1.0.0),1,1,9,TOT,TOT,10,5,M,2017-10,1565,NUM,0,,
ABS:BA_GCCSA(1.0.0),1,1,9,TOT,TOT,10,5,M,2017-11,1833,NUM,0,,
ABS:BA_GCCSA(1.0.0),1,1,9,TOT,TOT,10,5,M,2017-12,1466,NUM,0,,
ABS:BA_GCCSA(1.0.0),1,1,9,TOT,TOT,10,5,M,2018-01,1404,NUM,0,,
ABS:BA_GCCSA(1.0.0),1,1,9,TOT,TOT,10,5,M,2018-02,1184,NUM,0,,
ABS:BA_GCCSA(1.0.0),1,1,9,TOT,TOT,10,5,M,2018-03,1137,NUM,0,,
ABS:BA_GCCSA(1.0.0),1,1,9,TOT,TOT,10,5,M,2018-04,1283,NUM,0,,
ABS:BA_GCCSA(1.0.0),1,1,9,TOT,TOT,10,5,M,2018-05,1671,NUM,0,,
ABS:BA_GCCSA(1.0.0),1,1,9,TOT,TOT,10,5,M,2018-06,1630,NUM,0,,
ABS:BA_GCCSA(1.0.0),1,1,9,TOT,TOT,10,5,M,2018-07,1388,NUM,0,,
ABS:BA_GCCSA(1.0.0),1,1,9,TOT,TOT,10,5,M,2018-08,1441,NUM,0,,
ABS:BA_GCCSA(1.0.0),1,1,9,TOT,TOT,10,5,M,2018-09,1193,NUM,0,,
ABS:BA_GCCSA(1.0.0),1,1,9,TOT,TOT,10,5,M,2018-10,1293,NUM,0,,
ABS:BA_GCCSA(1.0.0),1,1,9,TOT,TOT,10,5,M,2018-11,1269,NUM,0,,
ABS:BA_GCCSA(1.0.0),1,1,9,TOT,TOT,10,5,M,2018-12,1004,NUM,0,,
ABS:BA_GCCSA(1.0.0),1,1,9,TOT,TOT,10,5,M,2019-01,1275,NUM,0,,
ABS:BA_GCCSA(1.0.0),1,1,9,TOT,TOT,10,5,M,2019-02,1279,NUM,0,,
ABS:BA_GCCSA(1.0.0),1,1,9,TOT,TOT,10,5,M,2019-03,1405,NUM,0,,
ABS:BA_GCCSA(1.0.0),1,1,9,TOT,TOT,10,5,M,2019-04,1235,NUM,0,,
ABS:BA_GCCSA(1.0.0),1,1,9,TOT,TOT,10,5,M,2019-05,1500,NUM,0,,
ABS:BA_GCCSA(1.0.0),1,1,9,TOT,TOT,10,5,M,2019-06,1150,NUM,0,,
ABS:BA_GCCSA(1.0.0),1,1,9,TOT,TOT,10,5,M,2019-07,1248,NUM,0,,
ABS:BA_GCCSA(1.0.0),1,1,9,TOT,TOT,10,5,M,2019-08,1558,NUM,0,,
ABS:BA_GCCSA(1.0.0),1,1,9,TOT,TOT,10,5,M,2019-09,1037,NUM,0,,
ABS:BA_GCCSA(1.0.0),1,1,9,TOT,TOT,10,5,M,2019-10,1316,NUM,0,,
ABS:BA_GCCSA(1.0.0),1,1,9,TOT,TOT,10,5,M,2019-11,1156,NUM,0,,
ABS:BA_GCCSA(1.0.0),1,1,9,TOT,TOT,10,5,M,2019-12,1036,NUM,0,,
ABS:BA_GCCSA(1.0.0),1,1,9,TOT,TOT,10,5,M,2020-01,950,NUM,0,,
ABS:BA_GCCSA(1.0.0),1,1,9,TOT,TOT,10,5,M,2020-02,1122,NUM,0,,
ABS:BA_GCCSA(1.0.0),1,1,9,TOT,TOT,10,5,M,2020-03,1165,NUM,0,,
ABS:BA_GCCSA(1.0.0),1,1,9,TOT,TOT,10,5,M,2020-04,1311,NUM,0,,
ABS:BA_GCCSA(1.0.0),1,1,9,TOT,TOT,10,5,M,2020-05,1358,NUM,0,,
ABS:BA_GCCSA(1.0.0),1,1,9,TOT,TOT,10,5,M,2020-06,1087,NUM,0,,
ABS:BA_GCCSA(1.0.0),1,1,9,TOT,TOT,10,5,M,2020-07,1134,NUM,0,,
ABS:BA_GCCSA(1.0.0),1,1,9,TOT,TOT,10,5,M,2020-08,1304,NUM,0,,
ABS:BA_GCCSA(1.0.0),1,1,9,TOT,TOT,10,5,M,2020-09,1835,NUM,0,,
ABS:BA_GCCSA(1.0.0),1,1,9,TOT,TOT,10,5,M,2020-10,2555,NUM,0,,
ABS:BA_GCCSA(1.0.0),1,1,9,TOT,TOT,10,5,M,2020-11,2330,NUM,0,,
ABS:BA_GCCSA(1.0.0),1,1,9,TOT,TOT,10,5,M,2020-12,2353,NUM,0,,
ABS:BA_GCCSA(1.0.0),1,1,9,TOT,TOT,10,5,M,2021-01,1965,NUM,0,,
ABS:BA_GCCSA(1.0.0),1,1,9,TOT,TOT,10,5,M,2021-02,2869,NUM,0,,
ABS:BA_GCCSA(1.0.0),1,1,9,TOT,TOT,10,5,M,2021-03,2849,NUM,0,,
ABS:BA_GCCSA(1.0.0),1,1,9,TOT,TOT,10,5,M,2021-04,2786,NUM,0,,
ABS:BA_GCCSA(1.0.0),1,1,9,TOT,TOT,10,5,M,2021-05,2942,NUM,0,,
ABS:BA_GCCSA(1.0.0),1,1,9,TOT,TOT,10,5,M,2021-06,2025,NUM,0,,
ABS:BA_GCCSA(1.0.0),1,1,9,TOT,TOT,10,5,M,2021-07,1971,NUM,0,,
ABS:BA_GCCSA(1.0.0),1,1,9,TOT,TOT,10,5,M,2021-08,2046,NUM,0,,
ABS:BA_GCCSA(1.0.0),1,1,9,TOT,TOT,10,5,M,2021-09,1731,NUM,0,,
ABS:BA_GCCSA(1.0.0),1,1,9,TOT,TOT,10,5,M,2021-10,1631,NUM,0,,
ABS:BA_GCCSA(1.0.0),1,1,9,TOT,TOT,10,5,M,2021-11,1685,NUM,0,,
ABS:BA_GCCSA(1.0.0),1,1,9,TOT,TOT,10,5,M,2021-12,1343,NUM,0,,
ABS:BA_GCCSA(1.0.0),1,1,9,TOT,TOT,10,5,M,2022-01,936,NUM,0,,
ABS:BA_GCCSA(1.0.0),1,1,9,TOT,TOT,10,5,M,2022-02,1216,NUM,0,,
ABS:BA_GCCSA(1.0.0),1,1,9,TOT,TOT,10,5,M,2022-03,1405,NUM,0,,
ABS:BA_GCCSA(1.0.0),1,1,9,TOT,TOT,10,5,M,2022-04,1253,NUM,0,,
ABS:BA_GCCSA(1.0.0),1,1,9,TOT,TOT,10,5,M,2022-05,2079,NUM,0,,
ABS:BA_GCCSA(1.0.0),1,1,9,TOT,TOT,10,5,M,2022-06,1870,NUM,0,,
ABS:BA_GCCSA(1.0.0),1,1,9,TOT,TOT,10,5,M,2022-07,1264,NUM,0,,
ABS:BA_GCCSA(1.0.0),1,1,9,TOT,TOT,10,5,M,2022-08,1588,NUM,0,,
ABS:BA_GCCSA(1.0.0),1,1,9,TOT,TOT,10,5,M,2022-09,1148,NUM,0,,
ABS:BA_GCCSA(1.0.0),1,1,9,TOT,TOT,10,5,M,2022-10,1246,NUM,0,,
ABS:BA_GCCSA(1.0.0),1,1,9,TOT,TOT,10,5,M,2022-11,1201,NUM,0,,
ABS:BA_GCCSA(1.0.0),1,1,9,TOT,TOT,10,5,M,2022-12,990,NUM,0,,
ABS:BA_GCCSA(1.0.0),1,1,9,TOT,TOT,10,5,M,2023-01,859,NUM,0,,
ABS:BA_GCCSA(1.0.0),1,1,9,TOT,TOT,10,5,M,2023-02,996,NUM,0,,
ABS:BA_GCCSA(1.0.0),1,1,9,TOT,TOT,10,5,M,2023-03,1323,NUM,0,,
ABS:BA_GCCSA(1.0.0),1,1,9,TOT,TOT,10,5,M,2023-04,1087,NUM,0,,
ABS:BA_GCCSA(1.0.0),1,1,9,TOT,TOT,10,5,M,2023-05,1134,NUM,0,,
ABS:BA_GCCSA(1.0.0),1,1,9,TOT,TOT,10,5,M,2023-06,1144,NUM,0,,
ABS:BA_GCCSA(1.0.0),1,1,9,TOT,TOT,10,5,M,2023-07,1035,NUM,0,,
ABS:BA_GCCSA(1.0.0),1,1,9,TOT,TOT,10,5,M,2023-08,1386,NUM,0,,
ABS:BA_GCCSA(1.0.0),1,1,9,TOT,TOT,10,5,M,2023-09,1109,NUM,0,,
ABS:BA_GCCSA(1.0.0),1,1,9,TOT,TOT,10,5,M,2023-10,1388,NUM,0,,
ABS:BA_GCCSA(1.0.0),1,1,9,TOT,TOT,10,5,M,2023-11,1334,NUM,0,,
ABS:BA_GCCSA(1.0.0),1,1,9,TOT,TOT,10,5,M,2023-12,1228,NUM,0,,
ABS:BA_GCCSA(1.0.0),1,1,9,TOT,TOT,10,5,M,2024-01,1271,NUM,0,,
ABS:BA_GCCSA(1.0.0),1,1,9,TOT,TOT,10,5,M,2024-02,1550,NUM,0,,
ABS:BA_GCCSA(1.0.0),1,1,9,TOT,TOT,10,5,M,2024-03,1631,NUM,0,,
ABS:BA_GCCSA(1.0.0),1,1,9,TOT,TOT,10,5,M,2024-04,1615,NUM,0,,
ABS:BA_GCCSA(1.0.0),1,1,9,TOT,TOT,10,5,M,2024-05,2238,NUM,0,,
ABS:BA_GCCSA(1.0.0),1,1,9,TOT,TOT,10,5,M,2024-06,1680,NUM,0,,
ABS:BA_GCCSA(1.0.0),1,1,9,TOT,TOT,10,5,M,2024-07,1991,NUM,0,,
ABS:BA_GCCSA(1.0.0),1,1,9,TOT,TOT,10,5,M,2024-08,1824,NUM,0,,
ABS:BA_GCCSA(1.0.0),1,1,9,TOT,TOT,10,5,M,2024-09,1988,NUM,0,,
ABS:BA_GCCSA(1.0.0),1,1,9,TOT,TOT,10,5,M,2024-10,1907,NUM,0,,
ABS:BA_GCCSA(1.0.0),1,1,9,TOT,TOT,10,5,M,2024-11,2016,NUM,0,,
ABS:BA_GCCSA(1.0.0),1,1,9,TOT,TOT,10,5,M,2024-12,1545,NUM,0,,
ABS:BA_GCCSA(1.0.0),1,1,9,TOT,TOT,10,5,M,2025-01,1463,NUM,0,,
ABS:BA_GCCSA(1.0.0),1,1,9,TOT,TOT,10,5,M,2025-02,2247,NUM,0,,
ABS:BA_GCCSA(1.0.0),1,1,9,TOT,TOT,10,5,M,2025-03,1815,NUM,0,,
ABS:BA_GCCSA(1.0.0),1,1,9,TOT,TOT,10,5,M,2025-04,2289,NUM,0,,
ABS:BA_GCCSA(1.0.0),1,1,9,TOT,TOT,10,5,M,2025-05,2207,NUM,0,,
ABS:BA_GCCSA(1.0.0),1,1,9,TOT,TOT,10,5,M,2025-06,1658,NUM,0,,
ABS:BA_GCCSA(1.0.0),1,1,9,TOT,TOT,10,5,M,2025-07,2050,NUM,0,,
ABS:BA_GCCSA(1.0.0),1,1,9,TOT,TOT,10,5,M,2025-08,1961,NUM,0,,
ABS:BA_GCCSA(1.0.0),1,1,9,TOT,TOT,10,5,M,2025-09,1879,NUM,0,,
ABS:BA_GCCSA(1.0.0),1,1,9,TOT,TOT,10,5,M,2025-10,2542,NUM,0,,
ABS:BA_GCCSA(1.0.0),1,1,9,TOT,TOT,10,5,M,2025-11,2079,NUM,0,,
ABS:BA_GCCSA(1.0.0),1,1,9,TOT,TOT,10,5,M,2025-12,1865,NUM,0,,
ABS:BA_GCCSA(1.0.0),1,1,9,TOT,TOT,10,5,M,2026-01,1799,NUM,0,,
